{
"type": "FeatureCollection",
"name": "bike_access_metro",
"crs": { "type": "name", "properties": { "name": "urn:ogc:def:crs:OGC:1.3:CRS84" } },
"features": [
{ "type": "Feature", "properties": { "point_id": 4704, "best_station_bike": 5813, "t_bike_min": 29.4, "distance_m": 4333.68, "by_mode": { "BICYCLE": { "distance_m": 4333.68, "duration_min": 29.4 } }, "n_metro_15min_bike": 0, "n_metro_30min_bike": 1 }, "geometry": { "type": "Point", "coordinates": [ -8.578176143500205, 41.068610633279398 ] } },
{ "type": "Feature", "properties": { "point_id": 4745, "best_station_bike": 5813, "t_bike_min": 18.73, "distance_m": 3262.88, "by_mode": { "BICYCLE": { "distance_m": 3262.88, "duration_min": 18.73 } }, "n_metro_15min_bike": 0, "n_metro_30min_bike": 2 }, "geometry": { "type": "Point", "coordinates": [ -8.583374034647933, 41.075343803805843 ] } },
{ "type": "Feature", "properties": { "point_id": 4746, "best_station_bike": 5813, "t_bike_min": 27.87, "distance_m": 3630.44, "by_mode": { "BICYCLE": { "distance_m": 3630.44, "duration_min": 27.87 } }, "n_metro_15min_bike": 0, "n_metro_30min_bike": 1 }, "geometry": { "type": "Point", "coordinates": [ -8.573069338717794, 41.075383608466865 ] } },
{ "type": "Feature", "properties": { "point_id": 4786, "best_station_bike": 5813, "t_bike_min": 29.32, "distance_m": 3764.16, "by_mode": { "BICYCLE": { "distance_m": 3764.16, "duration_min": 29.32 } }, "n_metro_15min_bike": 0, "n_metro_30min_bike": 1 }, "geometry": { "type": "Point", "coordinates": [ -8.609184407342569, 41.081993411648355 ] } },
{ "type": "Feature", "properties": { "point_id": 4787, "best_station_bike": 5813, "t_bike_min": 24.05, "distance_m": 2854.76, "by_mode": { "BICYCLE": { "distance_m": 2854.76, "duration_min": 24.05 } }, "n_metro_15min_bike": 0, "n_metro_30min_bike": 1 }, "geometry": { "type": "Point", "coordinates": [ -8.598878709848726, 41.082035529889524 ] } },
{ "type": "Feature", "properties": { "point_id": 4788, "best_station_bike": 5813, "t_bike_min": 18.37, "distance_m": 2805.92, "by_mode": { "BICYCLE": { "distance_m": 2805.92, "duration_min": 18.37 } }, "n_metro_15min_bike": 0, "n_metro_30min_bike": 2 }, "geometry": { "type": "Point", "coordinates": [ -8.588572990745458, 41.08207672646693 ] } },
{ "type": "Feature", "properties": { "point_id": 4789, "best_station_bike": 5813, "t_bike_min": 20.43, "distance_m": 2563.68, "by_mode": { "BICYCLE": { "distance_m": 2563.68, "duration_min": 20.43 } }, "n_metro_15min_bike": 0, "n_metro_30min_bike": 1 }, "geometry": { "type": "Point", "coordinates": [ -8.57826725051082, 41.082117001375074 ] } },
{ "type": "Feature", "properties": { "point_id": 4790, "best_station_bike": 5813, "t_bike_min": 29.88, "distance_m": 4110.16, "by_mode": { "BICYCLE": { "distance_m": 4110.16, "duration_min": 29.88 } }, "n_metro_15min_bike": 0, "n_metro_30min_bike": 1 }, "geometry": { "type": "Point", "coordinates": [ -8.567961489622872, 41.082156354608571 ] } },
{ "type": "Feature", "properties": { "point_id": 4833, "best_station_bike": 5813, "t_bike_min": 23.3, "distance_m": 2788.42, "by_mode": { "BICYCLE": { "distance_m": 2788.42, "duration_min": 23.3 } }, "n_metro_15min_bike": 0, "n_metro_30min_bike": 1 }, "geometry": { "type": "Point", "coordinates": [ -8.604079775662125, 41.088767733838679 ] } },
{ "type": "Feature", "properties": { "point_id": 4834, "best_station_bike": 5813, "t_bike_min": 16.75, "distance_m": 2106.9, "by_mode": { "BICYCLE": { "distance_m": 2106.9, "duration_min": 16.75 } }, "n_metro_15min_bike": 0, "n_metro_30min_bike": 2 }, "geometry": { "type": "Point", "coordinates": [ -8.593773012270752, 41.088809401096803 ] } },
{ "type": "Feature", "properties": { "point_id": 4835, "best_station_bike": 5813, "t_bike_min": 12.6, "distance_m": 1547.88, "by_mode": { "BICYCLE": { "distance_m": 1547.88, "duration_min": 12.6 } }, "n_metro_15min_bike": 1, "n_metro_30min_bike": 4 }, "geometry": { "type": "Point", "coordinates": [ -8.583466227500688, 41.088850146470492 ] } },
{ "type": "Feature", "properties": { "point_id": 4836, "best_station_bike": 5813, "t_bike_min": 26.58, "distance_m": 3082.13, "by_mode": { "BICYCLE": { "distance_m": 3082.13, "duration_min": 26.58 } }, "n_metro_15min_bike": 0, "n_metro_30min_bike": 2 }, "geometry": { "type": "Point", "coordinates": [ -8.573159421830177, 41.088889969954359 ] } },
{ "type": "Feature", "properties": { "point_id": 4889, "best_station_bike": 5813, "t_bike_min": 22.35, "distance_m": 2704.21, "by_mode": { "BICYCLE": { "distance_m": 2704.21, "duration_min": 22.35 } }, "n_metro_15min_bike": 0, "n_metro_30min_bike": 2 }, "geometry": { "type": "Point", "coordinates": [ -8.609281907612173, 41.09549968937219 ] } },
{ "type": "Feature", "properties": { "point_id": 4890, "best_station_bike": 5813, "t_bike_min": 13.03, "distance_m": 1488.19, "by_mode": { "BICYCLE": { "distance_m": 1488.19, "duration_min": 13.03 } }, "n_metro_15min_bike": 1, "n_metro_30min_bike": 8 }, "geometry": { "type": "Point", "coordinates": [ -8.598974099701962, 41.095541827529509 ] } },
{ "type": "Feature", "properties": { "point_id": 4891, "best_station_bike": 5813, "t_bike_min": 7.68, "distance_m": 453.63, "by_mode": { "BICYCLE": { "distance_m": 453.63, "duration_min": 7.68 } }, "n_metro_15min_bike": 1, "n_metro_30min_bike": 6 }, "geometry": { "type": "Point", "coordinates": [ -8.58866627016555, 41.095583043587268 ] } },
{ "type": "Feature", "properties": { "point_id": 4892, "best_station_bike": 5813, "t_bike_min": 16.82, "distance_m": 1669.37, "by_mode": { "BICYCLE": { "distance_m": 1669.37, "duration_min": 16.82 } }, "n_metro_15min_bike": 0, "n_metro_30min_bike": 4 }, "geometry": { "type": "Point", "coordinates": [ -8.578358419481363, 41.095623337539969 ] } },
{ "type": "Feature", "properties": { "point_id": 4893, "best_station_bike": 5813, "t_bike_min": 24.98, "distance_m": 2820.74, "by_mode": { "BICYCLE": { "distance_m": 2820.74, "duration_min": 24.98 } }, "n_metro_15min_bike": 0, "n_metro_30min_bike": 2 }, "geometry": { "type": "Point", "coordinates": [ -8.568050548127841, 41.095662709382204 ] } },
{ "type": "Feature", "properties": { "point_id": 4952, "best_station_bike": 5792, "t_bike_min": 24.63, "distance_m": 2783.51, "by_mode": { "BICYCLE": { "distance_m": 2783.51, "duration_min": 24.63 } }, "n_metro_15min_bike": 0, "n_metro_30min_bike": 6 }, "geometry": { "type": "Point", "coordinates": [ -8.614485106177199, 41.102231396324008 ] } },
{ "type": "Feature", "properties": { "point_id": 4953, "best_station_bike": 5813, "t_bike_min": 21.13, "distance_m": 2449.19, "by_mode": { "BICYCLE": { "distance_m": 2449.19, "duration_min": 21.13 } }, "n_metro_15min_bike": 0, "n_metro_30min_bike": 8 }, "geometry": { "type": "Point", "coordinates": [ -8.604176253517423, 41.102274005599092 ] } },
{ "type": "Feature", "properties": { "point_id": 4954, "best_station_bike": 5813, "t_bike_min": 9.52, "distance_m": 954.44, "by_mode": { "BICYCLE": { "distance_m": 954.44, "duration_min": 9.52 } }, "n_metro_15min_bike": 1, "n_metro_30min_bike": 9 }, "geometry": { "type": "Point", "coordinates": [ -8.593867378983747, 41.102315692559436 ] } },
{ "type": "Feature", "properties": { "point_id": 4955, "best_station_bike": 5813, "t_bike_min": 6.7, "distance_m": 915.74, "by_mode": { "BICYCLE": { "distance_m": 915.74, "duration_min": 6.7 } }, "n_metro_15min_bike": 3, "n_metro_30min_bike": 9 }, "geometry": { "type": "Point", "coordinates": [ -8.583558483054784, 41.102356457199491 ] } },
{ "type": "Feature", "properties": { "point_id": 4956, "best_station_bike": 5811, "t_bike_min": 23.68, "distance_m": 2014.94, "by_mode": { "BICYCLE": { "distance_m": 2014.94, "duration_min": 23.68 } }, "n_metro_15min_bike": 0, "n_metro_30min_bike": 3 }, "geometry": { "type": "Point", "coordinates": [ -8.573249566209149, 41.102396299513806 ] } },
{ "type": "Feature", "properties": { "point_id": 5017, "best_station_bike": 5792, "t_bike_min": 29.65, "distance_m": 3396.14, "by_mode": { "BICYCLE": { "distance_m": 3396.14, "duration_min": 29.65 } }, "n_metro_15min_bike": 0, "n_metro_30min_bike": 1 }, "geometry": { "type": "Point", "coordinates": [ -8.629999246875197, 41.108918851392446 ] } },
{ "type": "Feature", "properties": { "point_id": 5018, "best_station_bike": 5792, "t_bike_min": 23.32, "distance_m": 2373.28, "by_mode": { "BICYCLE": { "distance_m": 2373.28, "duration_min": 23.32 } }, "n_metro_15min_bike": 0, "n_metro_30min_bike": 6 }, "geometry": { "type": "Point", "coordinates": [ -8.61968937183571, 41.108962854528045 ] } },
{ "type": "Feature", "properties": { "point_id": 5019, "best_station_bike": 5792, "t_bike_min": 17.38, "distance_m": 1793.61, "by_mode": { "BICYCLE": { "distance_m": 1793.61, "duration_min": 17.38 } }, "n_metro_15min_bike": 0, "n_metro_30min_bike": 8 }, "geometry": { "type": "Point", "coordinates": [ -8.609379474195649, 41.109005935139493 ] } },
{ "type": "Feature", "properties": { "point_id": 5020, "best_station_bike": 5812, "t_bike_min": 1.87, "distance_m": 206.85, "by_mode": { "BICYCLE": { "distance_m": 206.85, "duration_min": 1.87 } }, "n_metro_15min_bike": 6, "n_metro_30min_bike": 9 }, "geometry": { "type": "Point", "coordinates": [ -8.599069554433804, 41.10904809322102 ] } },
{ "type": "Feature", "properties": { "point_id": 5021, "best_station_bike": 5811, "t_bike_min": 3.92, "distance_m": 731.71, "by_mode": { "BICYCLE": { "distance_m": 731.71, "duration_min": 3.92 } }, "n_metro_15min_bike": 4, "n_metro_30min_bike": 9 }, "geometry": { "type": "Point", "coordinates": [ -8.588759613028964, 41.109089328767006 ] } },
{ "type": "Feature", "properties": { "point_id": 5022, "best_station_bike": 5811, "t_bike_min": 21.02, "distance_m": 2159.54, "by_mode": { "BICYCLE": { "distance_m": 2159.54, "duration_min": 21.02 } }, "n_metro_15min_bike": 0, "n_metro_30min_bike": 7 }, "geometry": { "type": "Point", "coordinates": [ -8.578449650459932, 41.109129641771958 ] } },
{ "type": "Feature", "properties": { "point_id": 5023, "best_station_bike": 5811, "t_bike_min": 28.03, "distance_m": 2672.76, "by_mode": { "BICYCLE": { "distance_m": 2672.76, "duration_min": 28.03 } }, "n_metro_15min_bike": 0, "n_metro_30min_bike": 2 }, "geometry": { "type": "Point", "coordinates": [ -8.568139667205511, 41.109169032230476 ] } },
{ "type": "Feature", "properties": { "point_id": 5085, "best_station_bike": 5767, "t_bike_min": 25.13, "distance_m": 3942.59, "by_mode": { "BICYCLE": { "distance_m": 3942.59, "duration_min": 25.13 } }, "n_metro_15min_bike": 0, "n_metro_30min_bike": 3 }, "geometry": { "type": "Point", "coordinates": [ -8.635205625068625, 41.11564958891239 ] } },
{ "type": "Feature", "properties": { "point_id": 5086, "best_station_bike": 5767, "t_bike_min": 19.2, "distance_m": 2881.66, "by_mode": { "BICYCLE": { "distance_m": 2881.66, "duration_min": 19.2 } }, "n_metro_15min_bike": 0, "n_metro_30min_bike": 6 }, "geometry": { "type": "Point", "coordinates": [ -8.624894705066398, 41.115694063818133 ] } },
{ "type": "Feature", "properties": { "point_id": 5087, "best_station_bike": 5767, "t_bike_min": 11.83, "distance_m": 2136.22, "by_mode": { "BICYCLE": { "distance_m": 2136.22, "duration_min": 11.83 } }, "n_metro_15min_bike": 5, "n_metro_30min_bike": 7 }, "geometry": { "type": "Point", "coordinates": [ -8.614583762215339, 41.115737615984585 ] } },
{ "type": "Feature", "properties": { "point_id": 5088, "best_station_bike": 5792, "t_bike_min": 3.67, "distance_m": 396.79, "by_mode": { "BICYCLE": { "distance_m": 396.79, "duration_min": 3.67 } }, "n_metro_15min_bike": 6, "n_metro_30min_bike": 9 }, "geometry": { "type": "Point", "coordinates": [ -8.604272796994419, 41.115780245405936 ] } },
{ "type": "Feature", "properties": { "point_id": 5089, "best_station_bike": 5769, "t_bike_min": 12.5, "distance_m": 1421.13, "by_mode": { "BICYCLE": { "distance_m": 1421.13, "duration_min": 12.5 } }, "n_metro_15min_bike": 2, "n_metro_30min_bike": 8 }, "geometry": { "type": "Point", "coordinates": [ -8.593961809882614, 41.115821952076494 ] } },
{ "type": "Feature", "properties": { "point_id": 5090, "best_station_bike": 5769, "t_bike_min": 19.97, "distance_m": 2617.71, "by_mode": { "BICYCLE": { "distance_m": 2617.71, "duration_min": 19.97 } }, "n_metro_15min_bike": 0, "n_metro_30min_bike": 8 }, "geometry": { "type": "Point", "coordinates": [ -8.583650801358905, 41.115862735990703 ] } },
{ "type": "Feature", "properties": { "point_id": 5091, "best_station_bike": 5774, "t_bike_min": 28.63, "distance_m": 3687.11, "by_mode": { "BICYCLE": { "distance_m": 3687.11, "duration_min": 28.63 } }, "n_metro_15min_bike": 0, "n_metro_30min_bike": 2 }, "geometry": { "type": "Point", "coordinates": [ -8.573339771902278, 41.115902597143105 ] } },
{ "type": "Feature", "properties": { "point_id": 5158, "best_station_bike": 5767, "t_bike_min": 25.62, "distance_m": 4103.89, "by_mode": { "BICYCLE": { "distance_m": 4103.89, "duration_min": 25.62 } }, "n_metro_15min_bike": 0, "n_metro_30min_bike": 3 }, "geometry": { "type": "Point", "coordinates": [ -8.640413071543623, 41.122380077133485 ] } },
{ "type": "Feature", "properties": { "point_id": 5159, "best_station_bike": 5767, "t_bike_min": 19.82, "distance_m": 3174.42, "by_mode": { "BICYCLE": { "distance_m": 3174.42, "duration_min": 19.82 } }, "n_metro_15min_bike": 0, "n_metro_30min_bike": 6 }, "geometry": { "type": "Point", "coordinates": [ -8.630101106348137, 41.122425024028075 ] } },
{ "type": "Feature", "properties": { "point_id": 5160, "best_station_bike": 5767, "t_bike_min": 16.73, "distance_m": 2413.96, "by_mode": { "BICYCLE": { "distance_m": 2413.96, "duration_min": 16.73 } }, "n_metro_15min_bike": 0, "n_metro_30min_bike": 6 }, "geometry": { "type": "Point", "coordinates": [ -8.619789118055376, 41.122469047968238 ] } },
{ "type": "Feature", "properties": { "point_id": 5161, "best_station_bike": 5769, "t_bike_min": 3.7, "distance_m": 490.33, "by_mode": { "BICYCLE": { "distance_m": 490.33, "duration_min": 3.7 } }, "n_metro_15min_bike": 6, "n_metro_30min_bike": 8 }, "geometry": { "type": "Point", "coordinates": [ -8.609477107144485, 41.122512148948104 ] } },
{ "type": "Feature", "properties": { "point_id": 5162, "best_station_bike": 5774, "t_bike_min": 6.7, "distance_m": 796.39, "by_mode": { "BICYCLE": { "distance_m": 796.39, "duration_min": 6.7 } }, "n_metro_15min_bike": 5, "n_metro_30min_bike": 8 }, "geometry": { "type": "Point", "coordinates": [ -8.599165074094628, 41.122554326961911 ] } },
{ "type": "Feature", "properties": { "point_id": 5163, "best_station_bike": 5774, "t_bike_min": 16.08, "distance_m": 2083.44, "by_mode": { "BICYCLE": { "distance_m": 2083.44, "duration_min": 16.08 } }, "n_metro_15min_bike": 0, "n_metro_30min_bike": 7 }, "geometry": { "type": "Point", "coordinates": [ -8.588853019384965, 41.122595582004031 ] } },
{ "type": "Feature", "properties": { "point_id": 5164, "best_station_bike": 5774, "t_bike_min": 25.7, "distance_m": 3127.22, "by_mode": { "BICYCLE": { "distance_m": 3127.22, "duration_min": 25.7 } }, "n_metro_15min_bike": 0, "n_metro_30min_bike": 2 }, "geometry": { "type": "Point", "coordinates": [ -8.578540943494671, 41.122635914068958 ] } },
{ "type": "Feature", "properties": { "point_id": 5232, "best_station_bike": 5767, "t_bike_min": 29.1, "distance_m": 4429.55, "by_mode": { "BICYCLE": { "distance_m": 4429.55, "duration_min": 29.1 } }, "n_metro_15min_bike": 0, "n_metro_30min_bike": 1 }, "geometry": { "type": "Point", "coordinates": [ -8.645621586779241, 41.129110315889378 ] } },
{ "type": "Feature", "properties": { "point_id": 5233, "best_station_bike": 5767, "t_bike_min": 22.8, "distance_m": 3665.45, "by_mode": { "BICYCLE": { "distance_m": 3665.45, "duration_min": 22.8 } }, "n_metro_15min_bike": 0, "n_metro_30min_bike": 5 }, "geometry": { "type": "Point", "coordinates": [ -8.635308576159987, 41.129155734991578 ] } },
{ "type": "Feature", "properties": { "point_id": 5234, "best_station_bike": 5767, "t_bike_min": 21.43, "distance_m": 2653.38, "by_mode": { "BICYCLE": { "distance_m": 2653.38, "duration_min": 21.43 } }, "n_metro_15min_bike": 0, "n_metro_30min_bike": 5 }, "geometry": { "type": "Point", "coordinates": [ -8.624995542194819, 41.129200230924205 ] } },
{ "type": "Feature", "properties": { "point_id": 5235, "best_station_bike": 5767, "t_bike_min": 8.48, "distance_m": 953.03, "by_mode": { "BICYCLE": { "distance_m": 953.03, "duration_min": 8.48 } }, "n_metro_15min_bike": 4, "n_metro_30min_bike": 6 }, "geometry": { "type": "Point", "coordinates": [ -8.614682485363071, 41.129243803681334 ] } },
{ "type": "Feature", "properties": { "point_id": 5236, "best_station_bike": 5767, "t_bike_min": 6.27, "distance_m": 675.45, "by_mode": { "BICYCLE": { "distance_m": 675.45, "duration_min": 6.27 } }, "n_metro_15min_bike": 4, "n_metro_30min_bike": 10 }, "geometry": { "type": "Point", "coordinates": [ -8.604369406144082, 41.129286453257116 ] } },
{ "type": "Feature", "properties": { "point_id": 5237, "best_station_bike": 5774, "t_bike_min": 24.92, "distance_m": 2767.22, "by_mode": { "BICYCLE": { "distance_m": 2767.22, "duration_min": 24.92 } }, "n_metro_15min_bike": 0, "n_metro_30min_bike": 4 }, "geometry": { "type": "Point", "coordinates": [ -8.594056305017201, 41.129328179645874 ] } },
{ "type": "Feature", "properties": { "point_id": 5238, "best_station_bike": 5774, "t_bike_min": 25.37, "distance_m": 2756.11, "by_mode": { "BICYCLE": { "distance_m": 2756.11, "duration_min": 25.37 } }, "n_metro_15min_bike": 0, "n_metro_30min_bike": 4 }, "geometry": { "type": "Point", "coordinates": [ -8.583743182461779, 41.129368982842053 ] } },
{ "type": "Feature", "properties": { "point_id": 5308, "best_station_bike": 5767, "t_bike_min": 22.83, "distance_m": 2888.09, "by_mode": { "BICYCLE": { "distance_m": 2888.09, "duration_min": 22.83 } }, "n_metro_15min_bike": 0, "n_metro_30min_bike": 4 }, "geometry": { "type": "Point", "coordinates": [ -8.630203035112919, 41.135931164686227 ] } },
{ "type": "Feature", "properties": { "point_id": 5309, "best_station_bike": 5767, "t_bike_min": 21.98, "distance_m": 2166.79, "by_mode": { "BICYCLE": { "distance_m": 2166.79, "duration_min": 21.98 } }, "n_metro_15min_bike": 0, "n_metro_30min_bike": 4 }, "geometry": { "type": "Point", "coordinates": [ -8.619888932129427, 41.135975209439394 ] } },
{ "type": "Feature", "properties": { "point_id": 5310, "best_station_bike": 5771, "t_bike_min": 6.33, "distance_m": 531.8, "by_mode": { "BICYCLE": { "distance_m": 531.8, "duration_min": 6.33 } }, "n_metro_15min_bike": 2, "n_metro_30min_bike": 11 }, "geometry": { "type": "Point", "coordinates": [ -8.609574806510235, 41.136018330795928 ] } },
{ "type": "Feature", "properties": { "point_id": 5311, "best_station_bike": 5773, "t_bike_min": 19.52, "distance_m": 1985.46, "by_mode": { "BICYCLE": { "distance_m": 1985.46, "duration_min": 19.52 } }, "n_metro_15min_bike": 0, "n_metro_30min_bike": 8 }, "geometry": { "type": "Point", "coordinates": [ -8.599260658734872, 41.136060528750107 ] } },
{ "type": "Feature", "properties": { "point_id": 5312, "best_station_bike": 5773, "t_bike_min": 27.48, "distance_m": 2725.74, "by_mode": { "BICYCLE": { "distance_m": 2725.74, "duration_min": 27.48 } }, "n_metro_15min_bike": 0, "n_metro_30min_bike": 2 }, "geometry": { "type": "Point", "coordinates": [ -8.588946489282874, 41.136101803296263 ] } },
{ "type": "Feature", "properties": { "point_id": 5315, "best_station_bike": 5703, "t_bike_min": 28.57, "distance_m": 3952.57, "by_mode": { "BICYCLE": { "distance_m": 3952.57, "duration_min": 28.57 } }, "n_metro_15min_bike": 0, "n_metro_30min_bike": 1 }, "geometry": { "type": "Point", "coordinates": [ -8.558003855662536, 41.136220086432132 ] } },
{ "type": "Feature", "properties": { "point_id": 5317, "best_station_bike": 5728, "t_bike_min": 28.63, "distance_m": 5144.67, "by_mode": { "BICYCLE": { "distance_m": 5144.67, "duration_min": 28.63 } }, "n_metro_15min_bike": 0, "n_metro_30min_bike": 1 }, "geometry": { "type": "Point", "coordinates": [ -8.537375333657591, 41.136294324718214 ] } },
{ "type": "Feature", "properties": { "point_id": 5318, "best_station_bike": 5728, "t_bike_min": 29.52, "distance_m": 5489.16, "by_mode": { "BICYCLE": { "distance_m": 5489.16, "duration_min": 29.52 } }, "n_metro_15min_bike": 0, "n_metro_30min_bike": 1 }, "geometry": { "type": "Point", "coordinates": [ -8.527061044216403, 41.136330058704836 ] } },
{ "type": "Feature", "properties": { "point_id": 5383, "best_station_bike": 5767, "t_bike_min": 28.1, "distance_m": 3724.71, "by_mode": { "BICYCLE": { "distance_m": 3724.71, "duration_min": 28.1 } }, "n_metro_15min_bike": 0, "n_metro_30min_bike": 1 }, "geometry": { "type": "Point", "coordinates": [ -8.635411597289101, 41.142661849087936 ] } },
{ "type": "Feature", "properties": { "point_id": 5384, "best_station_bike": 5771, "t_bike_min": 23.55, "distance_m": 2337.25, "by_mode": { "BICYCLE": { "distance_m": 2337.25, "duration_min": 23.55 } }, "n_metro_15min_bike": 0, "n_metro_30min_bike": 2 }, "geometry": { "type": "Point", "coordinates": [ -8.625096447922992, 41.142706366055982 ] } },
{ "type": "Feature", "properties": { "point_id": 5385, "best_station_bike": 5778, "t_bike_min": 7.5, "distance_m": 491.32, "by_mode": { "BICYCLE": { "distance_m": 491.32, "duration_min": 7.5 } }, "n_metro_15min_bike": 1, "n_metro_30min_bike": 10 }, "geometry": { "type": "Point", "coordinates": [ -8.614781275672529, 41.142749959412114 ] } },
{ "type": "Feature", "properties": { "point_id": 5386, "best_station_bike": 5778, "t_bike_min": 8.93, "distance_m": 754.61, "by_mode": { "BICYCLE": { "distance_m": 754.61, "duration_min": 8.93 } }, "n_metro_15min_bike": 2, "n_metro_30min_bike": 11 }, "geometry": { "type": "Point", "coordinates": [ -8.60446608101743, 41.142792629150527 ] } },
{ "type": "Feature", "properties": { "point_id": 5387, "best_station_bike": 5712, "t_bike_min": 11.52, "distance_m": 1102.99, "by_mode": { "BICYCLE": { "distance_m": 1102.99, "duration_min": 11.52 } }, "n_metro_15min_bike": 2, "n_metro_30min_bike": 10 }, "geometry": { "type": "Point", "coordinates": [ -8.594150864437411, 41.142834375265473 ] } },
{ "type": "Feature", "properties": { "point_id": 5388, "best_station_bike": 5703, "t_bike_min": 21.12, "distance_m": 2081.15, "by_mode": { "BICYCLE": { "distance_m": 2081.15, "duration_min": 21.12 } }, "n_metro_15min_bike": 0, "n_metro_30min_bike": 3 }, "geometry": { "type": "Point", "coordinates": [ -8.583835626412199, 41.142875197751415 ] } },
{ "type": "Feature", "properties": { "point_id": 5389, "best_station_bike": 5703, "t_bike_min": 22.05, "distance_m": 2082.66, "by_mode": { "BICYCLE": { "distance_m": 2082.66, "duration_min": 22.05 } }, "n_metro_15min_bike": 0, "n_metro_30min_bike": 3 }, "geometry": { "type": "Point", "coordinates": [ -8.573520367421525, 41.142915096602891 ] } },
{ "type": "Feature", "properties": { "point_id": 5390, "best_station_bike": 5703, "t_bike_min": 24.83, "distance_m": 3313.01, "by_mode": { "BICYCLE": { "distance_m": 3313.01, "duration_min": 24.83 } }, "n_metro_15min_bike": 0, "n_metro_30min_bike": 1 }, "geometry": { "type": "Point", "coordinates": [ -8.56320508794513, 41.142954071814572 ] } },
{ "type": "Feature", "properties": { "point_id": 5391, "best_station_bike": 5703, "t_bike_min": 27.05, "distance_m": 3924.81, "by_mode": { "BICYCLE": { "distance_m": 3924.81, "duration_min": 27.05 } }, "n_metro_15min_bike": 0, "n_metro_30min_bike": 1 }, "geometry": { "type": "Point", "coordinates": [ -8.552889788462759, 41.142992123381241 ] } },
{ "type": "Feature", "properties": { "point_id": 5392, "best_station_bike": 5728, "t_bike_min": 26.78, "distance_m": 4543.73, "by_mode": { "BICYCLE": { "distance_m": 4543.73, "duration_min": 26.78 } }, "n_metro_15min_bike": 0, "n_metro_30min_bike": 2 }, "geometry": { "type": "Point", "coordinates": [ -8.542574469454161, 41.143029251297811 ] } },
{ "type": "Feature", "properties": { "point_id": 5393, "best_station_bike": 5728, "t_bike_min": 23.23, "distance_m": 4326.71, "by_mode": { "BICYCLE": { "distance_m": 4326.71, "duration_min": 23.23 } }, "n_metro_15min_bike": 0, "n_metro_30min_bike": 3 }, "geometry": { "type": "Point", "coordinates": [ -8.532259131399092, 41.143065455559345 ] } },
{ "type": "Feature", "properties": { "point_id": 5394, "best_station_bike": 5728, "t_bike_min": 23.48, "distance_m": 4789.8, "by_mode": { "BICYCLE": { "distance_m": 4789.8, "duration_min": 23.48 } }, "n_metro_15min_bike": 0, "n_metro_30min_bike": 3 }, "geometry": { "type": "Point", "coordinates": [ -8.521943774777316, 41.143100736161003 ] } },
{ "type": "Feature", "properties": { "point_id": 5455, "best_station_bike": 5715, "t_bike_min": 26.5, "distance_m": 3751.12, "by_mode": { "BICYCLE": { "distance_m": 3751.12, "duration_min": 26.5 } }, "n_metro_15min_bike": 0, "n_metro_30min_bike": 2 }, "geometry": { "type": "Point", "coordinates": [ -8.677737163228839, 41.15126274964711 ] } },
{ "type": "Feature", "properties": { "point_id": 5458, "best_station_bike": 5711, "t_bike_min": 21.27, "distance_m": 2388.88, "by_mode": { "BICYCLE": { "distance_m": 2388.88, "duration_min": 21.27 } }, "n_metro_15min_bike": 0, "n_metro_30min_bike": 3 }, "geometry": { "type": "Point", "coordinates": [ -8.650937401569493, 41.149346370739927 ] } },
{ "type": "Feature", "properties": { "point_id": 5459, "best_station_bike": 5711, "t_bike_min": 21.92, "distance_m": 3019.34, "by_mode": { "BICYCLE": { "distance_m": 3019.34, "duration_min": 21.92 } }, "n_metro_15min_bike": 0, "n_metro_30min_bike": 3 }, "geometry": { "type": "Point", "coordinates": [ -8.640621229202978, 41.14939228396296 ] } },
{ "type": "Feature", "properties": { "point_id": 5461, "best_station_bike": 5726, "t_bike_min": 13.33, "distance_m": 1684.2, "by_mode": { "BICYCLE": { "distance_m": 1684.2, "duration_min": 13.33 } }, "n_metro_15min_bike": 5, "n_metro_30min_bike": 16 }, "geometry": { "type": "Point", "coordinates": [ -8.619988814110592, 41.149481338939388 ] } },
{ "type": "Feature", "properties": { "point_id": 5462, "best_station_bike": 5699, "t_bike_min": 5.4, "distance_m": 464.03, "by_mode": { "BICYCLE": { "distance_m": 464.03, "duration_min": 5.4 } }, "n_metro_15min_bike": 6, "n_metro_30min_bike": 18 }, "geometry": { "type": "Point", "coordinates": [ -8.609672572344506, 41.149524480680881 ] } },
{ "type": "Feature", "properties": { "point_id": 5463, "best_station_bike": 5697, "t_bike_min": 3.58, "distance_m": 171.44, "by_mode": { "BICYCLE": { "distance_m": 171.44, "duration_min": 3.58 } }, "n_metro_15min_bike": 7, "n_metro_30min_bike": 17 }, "geometry": { "type": "Point", "coordinates": [ -8.599356308405024, 41.149566698583492 ] } },
{ "type": "Feature", "properties": { "point_id": 5464, "best_station_bike": 5703, "t_bike_min": 3.37, "distance_m": 635.37, "by_mode": { "BICYCLE": { "distance_m": 635.37, "duration_min": 3.37 } }, "n_metro_15min_bike": 3, "n_metro_30min_bike": 13 }, "geometry": { "type": "Point", "coordinates": [ -8.589040022772062, 41.149607992641592 ] } },
{ "type": "Feature", "properties": { "point_id": 5465, "best_station_bike": 5703, "t_bike_min": 18.02, "distance_m": 1696.33, "by_mode": { "BICYCLE": { "distance_m": 1696.33, "duration_min": 18.02 } }, "n_metro_15min_bike": 0, "n_metro_30min_bike": 4 }, "geometry": { "type": "Point", "coordinates": [ -8.578723715925531, 41.149648362849653 ] } },
{ "type": "Feature", "properties": { "point_id": 5466, "best_station_bike": 5703, "t_bike_min": 27.37, "distance_m": 3029.54, "by_mode": { "BICYCLE": { "distance_m": 3029.54, "duration_min": 27.37 } }, "n_metro_15min_bike": 0, "n_metro_30min_bike": 2 }, "geometry": { "type": "Point", "coordinates": [ -8.568407388345353, 41.149687809202298 ] } },
{ "type": "Feature", "properties": { "point_id": 5468, "best_station_bike": 5728, "t_bike_min": 25.1, "distance_m": 3699.28, "by_mode": { "BICYCLE": { "distance_m": 3699.28, "duration_min": 25.1 } }, "n_metro_15min_bike": 0, "n_metro_30min_bike": 3 }, "geometry": { "type": "Point", "coordinates": [ -8.547774672903778, 41.149763930320347 ] } },
{ "type": "Feature", "properties": { "point_id": 5469, "best_station_bike": 5728, "t_bike_min": 19.68, "distance_m": 3143.39, "by_mode": { "BICYCLE": { "distance_m": 3143.39, "duration_min": 19.68 } }, "n_metro_15min_bike": 0, "n_metro_30min_bike": 5 }, "geometry": { "type": "Point", "coordinates": [ -8.537458286002252, 41.149800605075569 ] } },
{ "type": "Feature", "properties": { "point_id": 5470, "best_station_bike": 5728, "t_bike_min": 23.03, "distance_m": 3987.03, "by_mode": { "BICYCLE": { "distance_m": 3987.03, "duration_min": 23.03 } }, "n_metro_15min_bike": 0, "n_metro_30min_bike": 3 }, "geometry": { "type": "Point", "coordinates": [ -8.52714188028683, 41.149836355955031 ] } },
{ "type": "Feature", "properties": { "point_id": 5471, "best_station_bike": 5728, "t_bike_min": 23.97, "distance_m": 4548.27, "by_mode": { "BICYCLE": { "distance_m": 4548.27, "duration_min": 23.97 } }, "n_metro_15min_bike": 0, "n_metro_30min_bike": 3 }, "geometry": { "type": "Point", "coordinates": [ -8.516825456237459, 41.149871182953959 ] } },
{ "type": "Feature", "properties": { "point_id": 5532, "best_station_bike": 5715, "t_bike_min": 26.62, "distance_m": 3599.0, "by_mode": { "BICYCLE": { "distance_m": 3599.0, "duration_min": 26.62 } }, "n_metro_15min_bike": 0, "n_metro_30min_bike": 2 }, "geometry": { "type": "Point", "coordinates": [ -8.683897066364674, 41.158417740569448 ] } },
{ "type": "Feature", "properties": { "point_id": 5533, "best_station_bike": 5715, "t_bike_min": 20.28, "distance_m": 3546.48, "by_mode": { "BICYCLE": { "distance_m": 3546.48, "duration_min": 20.28 } }, "n_metro_15min_bike": 0, "n_metro_30min_bike": 5 }, "geometry": { "type": "Point", "coordinates": [ -8.676428309329637, 41.156153128080973 ] } },
{ "type": "Feature", "properties": { "point_id": 5534, "best_station_bike": 5721, "t_bike_min": 25.35, "distance_m": 3790.86, "by_mode": { "BICYCLE": { "distance_m": 3790.86, "duration_min": 25.35 } }, "n_metro_15min_bike": 0, "n_metro_30min_bike": 5 }, "geometry": { "type": "Point", "coordinates": [ -8.666466344915285, 41.15602877293253 ] } },
{ "type": "Feature", "properties": { "point_id": 5536, "best_station_bike": 5711, "t_bike_min": 12.7, "distance_m": 1434.77, "by_mode": { "BICYCLE": { "distance_m": 1434.77, "duration_min": 12.7 } }, "n_metro_15min_bike": 1, "n_metro_30min_bike": 6 }, "geometry": { "type": "Point", "coordinates": [ -8.645831931334344, 41.156122469144826 ] } },
{ "type": "Feature", "properties": { "point_id": 5537, "best_station_bike": 5706, "t_bike_min": 18.05, "distance_m": 1638.86, "by_mode": { "BICYCLE": { "distance_m": 1638.86, "duration_min": 18.05 } }, "n_metro_15min_bike": 0, "n_metro_30min_bike": 5 }, "geometry": { "type": "Point", "coordinates": [ -8.635514688510398, 41.156167931199356 ] } },
{ "type": "Feature", "properties": { "point_id": 5538, "best_station_bike": 5706, "t_bike_min": 8.6, "distance_m": 1268.3, "by_mode": { "BICYCLE": { "distance_m": 1268.3, "duration_min": 8.6 } }, "n_metro_15min_bike": 5, "n_metro_30min_bike": 16 }, "geometry": { "type": "Point", "coordinates": [ -8.625197422304227, 41.156212469211368 ] } },
{ "type": "Feature", "properties": { "point_id": 5539, "best_station_bike": 5713, "t_bike_min": 1.52, "distance_m": 186.47, "by_mode": { "BICYCLE": { "distance_m": 186.47, "duration_min": 1.52 } }, "n_metro_15min_bike": 3, "n_metro_30min_bike": 13 }, "geometry": { "type": "Point", "coordinates": [ -8.614880133195912, 41.156256083174867 ] } },
{ "type": "Feature", "properties": { "point_id": 5540, "best_station_bike": 5770, "t_bike_min": 6.3, "distance_m": 704.01, "by_mode": { "BICYCLE": { "distance_m": 704.01, "duration_min": 6.3 } }, "n_metro_15min_bike": 9, "n_metro_30min_bike": 24 }, "geometry": { "type": "Point", "coordinates": [ -8.604562821665542, 41.156298773084053 ] } },
{ "type": "Feature", "properties": { "point_id": 5541, "best_station_bike": 5703, "t_bike_min": 8.4, "distance_m": 1422.89, "by_mode": { "BICYCLE": { "distance_m": 1422.89, "duration_min": 8.4 } }, "n_metro_15min_bike": 6, "n_metro_30min_bike": 21 }, "geometry": { "type": "Point", "coordinates": [ -8.594245488193206, 41.156340538933208 ] } },
{ "type": "Feature", "properties": { "point_id": 5542, "best_station_bike": 5708, "t_bike_min": 4.63, "distance_m": 557.39, "by_mode": { "BICYCLE": { "distance_m": 557.39, "duration_min": 4.63 } }, "n_metro_15min_bike": 2, "n_metro_30min_bike": 12 }, "geometry": { "type": "Point", "coordinates": [ -8.583928133259004, 41.156381380716745 ] } },
{ "type": "Feature", "properties": { "point_id": 5543, "best_station_bike": 5708, "t_bike_min": 12.0, "distance_m": 1476.47, "by_mode": { "BICYCLE": { "distance_m": 1476.47, "duration_min": 12.0 } }, "n_metro_15min_bike": 1, "n_metro_30min_bike": 7 }, "geometry": { "type": "Point", "coordinates": [ -8.573610757343042, 41.156421298429223 ] } },
{ "type": "Feature", "properties": { "point_id": 5544, "best_station_bike": 5714, "t_bike_min": 20.28, "distance_m": 2807.54, "by_mode": { "BICYCLE": { "distance_m": 2807.54, "duration_min": 20.28 } }, "n_metro_15min_bike": 0, "n_metro_30min_bike": 6 }, "geometry": { "type": "Point", "coordinates": [ -8.563293360925432, 41.156460292065304 ] } },
{ "type": "Feature", "properties": { "point_id": 5545, "best_station_bike": 5728, "t_bike_min": 21.02, "distance_m": 3137.0, "by_mode": { "BICYCLE": { "distance_m": 3137.0, "duration_min": 21.02 } }, "n_metro_15min_bike": 0, "n_metro_30min_bike": 7 }, "geometry": { "type": "Point", "coordinates": [ -8.55297594448629, 41.156498361619775 ] } },
{ "type": "Feature", "properties": { "point_id": 5546, "best_station_bike": 5728, "t_bike_min": 17.02, "distance_m": 2833.07, "by_mode": { "BICYCLE": { "distance_m": 2833.07, "duration_min": 17.02 } }, "n_metro_15min_bike": 0, "n_metro_30min_bike": 7 }, "geometry": { "type": "Point", "coordinates": [ -8.542658508505742, 41.15653550708754 ] } },
{ "type": "Feature", "properties": { "point_id": 5547, "best_station_bike": 5728, "t_bike_min": 17.33, "distance_m": 2774.84, "by_mode": { "BICYCLE": { "distance_m": 2774.84, "duration_min": 17.33 } }, "n_metro_15min_bike": 0, "n_metro_30min_bike": 7 }, "geometry": { "type": "Point", "coordinates": [ -8.532341053463915, 41.156571728463646 ] } },
{ "type": "Feature", "properties": { "point_id": 5548, "best_station_bike": 5728, "t_bike_min": 19.33, "distance_m": 3562.75, "by_mode": { "BICYCLE": { "distance_m": 3562.75, "duration_min": 19.33 } }, "n_metro_15min_bike": 0, "n_metro_30min_bike": 6 }, "geometry": { "type": "Point", "coordinates": [ -8.522023579840946, 41.156607025743263 ] } },
{ "type": "Feature", "properties": { "point_id": 5610, "best_station_bike": 5715, "t_bike_min": 17.58, "distance_m": 2549.21, "by_mode": { "BICYCLE": { "distance_m": 2549.21, "duration_min": 17.58 } }, "n_metro_15min_bike": 0, "n_metro_30min_bike": 6 }, "geometry": { "type": "Point", "coordinates": [ -8.688339274821667, 41.164969692803204 ] } },
{ "type": "Feature", "properties": { "point_id": 5611, "best_station_bike": 5715, "t_bike_min": 17.75, "distance_m": 3050.15, "by_mode": { "BICYCLE": { "distance_m": 3050.15, "duration_min": 17.75 } }, "n_metro_15min_bike": 0, "n_metro_30min_bike": 6 }, "geometry": { "type": "Point", "coordinates": [ -8.681789000484173, 41.16272979405143 ] } },
{ "type": "Feature", "properties": { "point_id": 5612, "best_station_bike": 5719, "t_bike_min": 17.88, "distance_m": 2271.16, "by_mode": { "BICYCLE": { "distance_m": 2271.16, "duration_min": 17.88 } }, "n_metro_15min_bike": 0, "n_metro_30min_bike": 9 }, "geometry": { "type": "Point", "coordinates": [ -8.671680211146139, 41.162757761865571 ] } },
{ "type": "Feature", "properties": { "point_id": 5613, "best_station_bike": 5721, "t_bike_min": 19.38, "distance_m": 2743.89, "by_mode": { "BICYCLE": { "distance_m": 2743.89, "duration_min": 19.38 } }, "n_metro_15min_bike": 0, "n_metro_30min_bike": 15 }, "geometry": { "type": "Point", "coordinates": [ -8.661361969950633, 41.162805545289032 ] } },
{ "type": "Feature", "properties": { "point_id": 5614, "best_station_bike": 5721, "t_bike_min": 11.85, "distance_m": 1684.05, "by_mode": { "BICYCLE": { "distance_m": 1684.05, "duration_min": 11.85 } }, "n_metro_15min_bike": 1, "n_metro_30min_bike": 12 }, "geometry": { "type": "Point", "coordinates": [ -8.651043704163177, 41.16285240446701 ] } },
{ "type": "Feature", "properties": { "point_id": 5615, "best_station_bike": 5711, "t_bike_min": 5.15, "distance_m": 575.83, "by_mode": { "BICYCLE": { "distance_m": 575.83, "duration_min": 5.15 } }, "n_metro_15min_bike": 3, "n_metro_30min_bike": 11 }, "geometry": { "type": "Point", "coordinates": [ -8.640725414264024, 41.162898339393259 ] } },
{ "type": "Feature", "properties": { "point_id": 5616, "best_station_bike": 5706, "t_bike_min": 5.37, "distance_m": 605.07, "by_mode": { "BICYCLE": { "distance_m": 605.07, "duration_min": 5.37 } }, "n_metro_15min_bike": 3, "n_metro_30min_bike": 16 }, "geometry": { "type": "Point", "coordinates": [ -8.630407100733427, 41.162943350061639 ] } },
{ "type": "Feature", "properties": { "point_id": 5617, "best_station_bike": 5704, "t_bike_min": 6.5, "distance_m": 820.13, "by_mode": { "BICYCLE": { "distance_m": 820.13, "duration_min": 6.5 } }, "n_metro_15min_bike": 7, "n_metro_30min_bike": 23 }, "geometry": { "type": "Point", "coordinates": [ -8.620088764051649, 41.162987436466125 ] } },
{ "type": "Feature", "properties": { "point_id": 5618, "best_station_bike": 5770, "t_bike_min": 7.95, "distance_m": 888.83, "by_mode": { "BICYCLE": { "distance_m": 888.83, "duration_min": 7.95 } }, "n_metro_15min_bike": 10, "n_metro_30min_bike": 26 }, "geometry": { "type": "Point", "coordinates": [ -8.609770404698962, 41.163030598600827 ] } },
{ "type": "Feature", "properties": { "point_id": 5619, "best_station_bike": 5768, "t_bike_min": 2.2, "distance_m": 288.88, "by_mode": { "BICYCLE": { "distance_m": 288.88, "duration_min": 2.2 } }, "n_metro_15min_bike": 11, "n_metro_30min_bike": 28 }, "geometry": { "type": "Point", "coordinates": [ -8.599452023155637, 41.163072836459982 ] } },
{ "type": "Feature", "properties": { "point_id": 5620, "best_station_bike": 5708, "t_bike_min": 3.65, "distance_m": 904.24, "by_mode": { "BICYCLE": { "distance_m": 904.24, "duration_min": 3.65 } }, "n_metro_15min_bike": 9, "n_metro_30min_bike": 23 }, "geometry": { "type": "Point", "coordinates": [ -8.589133619901961, 41.163114150037956 ] } },
{ "type": "Feature", "properties": { "point_id": 5621, "best_station_bike": 5707, "t_bike_min": 10.9, "distance_m": 1375.91, "by_mode": { "BICYCLE": { "distance_m": 1375.91, "duration_min": 10.9 } }, "n_metro_15min_bike": 2, "n_metro_30min_bike": 7 }, "geometry": { "type": "Point", "coordinates": [ -8.578815195418221, 41.163154539329199 ] } },
{ "type": "Feature", "properties": { "point_id": 5622, "best_station_bike": 5707, "t_bike_min": 14.9, "distance_m": 2103.0, "by_mode": { "BICYCLE": { "distance_m": 2103.0, "duration_min": 14.9 } }, "n_metro_15min_bike": 1, "n_metro_30min_bike": 10 }, "geometry": { "type": "Point", "coordinates": [ -8.568496750184712, 41.163194004328311 ] } },
{ "type": "Feature", "properties": { "point_id": 5623, "best_station_bike": 5714, "t_bike_min": 16.33, "distance_m": 2580.11, "by_mode": { "BICYCLE": { "distance_m": 2580.11, "duration_min": 16.33 } }, "n_metro_15min_bike": 0, "n_metro_30min_bike": 9 }, "geometry": { "type": "Point", "coordinates": [ -8.558178284681736, 41.163232545030048 ] } },
{ "type": "Feature", "properties": { "point_id": 5624, "best_station_bike": 5728, "t_bike_min": 8.75, "distance_m": 1883.33, "by_mode": { "BICYCLE": { "distance_m": 1883.33, "duration_min": 8.75 } }, "n_metro_15min_bike": 6, "n_metro_30min_bike": 9 }, "geometry": { "type": "Point", "coordinates": [ -8.547859799389601, 41.163270161429253 ] } },
{ "type": "Feature", "properties": { "point_id": 5625, "best_station_bike": 5728, "t_bike_min": 10.82, "distance_m": 1717.58, "by_mode": { "BICYCLE": { "distance_m": 1717.58, "duration_min": 10.82 } }, "n_metro_15min_bike": 3, "n_metro_30min_bike": 7 }, "geometry": { "type": "Point", "coordinates": [ -8.537541294788616, 41.163306853520886 ] } },
{ "type": "Feature", "properties": { "point_id": 5626, "best_station_bike": 5728, "t_bike_min": 13.97, "distance_m": 2335.06, "by_mode": { "BICYCLE": { "distance_m": 2335.06, "duration_min": 13.97 } }, "n_metro_15min_bike": 1, "n_metro_30min_bike": 7 }, "geometry": { "type": "Point", "coordinates": [ -8.527222771359106, 41.163342621300039 ] } },
{ "type": "Feature", "properties": { "point_id": 5627, "best_station_bike": 5728, "t_bike_min": 24.47, "distance_m": 4019.67, "by_mode": { "BICYCLE": { "distance_m": 4019.67, "duration_min": 24.47 } }, "n_metro_15min_bike": 0, "n_metro_30min_bike": 3 }, "geometry": { "type": "Point", "coordinates": [ -8.516904229581389, 41.16337746476195 ] } },
{ "type": "Feature", "properties": { "point_id": 5689, "best_station_bike": 5716, "t_bike_min": 17.53, "distance_m": 3683.3, "by_mode": { "BICYCLE": { "distance_m": 3683.3, "duration_min": 17.53 } }, "n_metro_15min_bike": 0, "n_metro_30min_bike": 5 }, "geometry": { "type": "Point", "coordinates": [ -8.708126615957704, 41.172932861033274 ] } },
{ "type": "Feature", "properties": { "point_id": 5690, "best_station_bike": 5715, "t_bike_min": 11.4, "distance_m": 1710.26, "by_mode": { "BICYCLE": { "distance_m": 1710.26, "duration_min": 11.4 } }, "n_metro_15min_bike": 2, "n_metro_30min_bike": 7 }, "geometry": { "type": "Point", "coordinates": [ -8.686207632089362, 41.169361099377085 ] } },
{ "type": "Feature", "properties": { "point_id": 5691, "best_station_bike": 5719, "t_bike_min": 14.77, "distance_m": 1751.61, "by_mode": { "BICYCLE": { "distance_m": 1751.61, "duration_min": 14.77 } }, "n_metro_15min_bike": 1, "n_metro_30min_bike": 7 }, "geometry": { "type": "Point", "coordinates": [ -8.676895149015746, 41.16948650033423 ] } },
{ "type": "Feature", "properties": { "point_id": 5692, "best_station_bike": 5719, "t_bike_min": 16.18, "distance_m": 1905.71, "by_mode": { "BICYCLE": { "distance_m": 1905.71, "duration_min": 16.18 } }, "n_metro_15min_bike": 0, "n_metro_30min_bike": 14 }, "geometry": { "type": "Point", "coordinates": [ -8.666575861013554, 41.169534757278946 ] } },
{ "type": "Feature", "properties": { "point_id": 5693, "best_station_bike": 5729, "t_bike_min": 12.32, "distance_m": 1802.69, "by_mode": { "BICYCLE": { "distance_m": 1802.69, "duration_min": 12.32 } }, "n_metro_15min_bike": 2, "n_metro_30min_bike": 17 }, "geometry": { "type": "Point", "coordinates": [ -8.656256548169639, 41.169582089762962 ] } },
{ "type": "Feature", "properties": { "point_id": 5694, "best_station_bike": 5721, "t_bike_min": 5.77, "distance_m": 846.18, "by_mode": { "BICYCLE": { "distance_m": 846.18, "duration_min": 5.77 } }, "n_metro_15min_bike": 2, "n_metro_30min_bike": 15 }, "geometry": { "type": "Point", "coordinates": [ -8.645937210964432, 41.169628497779954 ] } },
{ "type": "Feature", "properties": { "point_id": 5695, "best_station_bike": 5711, "t_bike_min": 4.97, "distance_m": 663.74, "by_mode": { "BICYCLE": { "distance_m": 663.74, "duration_min": 4.97 } }, "n_metro_15min_bike": 4, "n_metro_30min_bike": 20 }, "geometry": { "type": "Point", "coordinates": [ -8.635617849878368, 41.16967398132374 ] } },
{ "type": "Feature", "properties": { "point_id": 5696, "best_station_bike": 5711, "t_bike_min": 9.6, "distance_m": 1514.78, "by_mode": { "BICYCLE": { "distance_m": 1514.78, "duration_min": 9.6 } }, "n_metro_15min_bike": 3, "n_metro_30min_bike": 21 }, "geometry": { "type": "Point", "coordinates": [ -8.6252984653919, 41.169718540388224 ] } },
{ "type": "Feature", "properties": { "point_id": 5697, "best_station_bike": 5776, "t_bike_min": 10.22, "distance_m": 1502.39, "by_mode": { "BICYCLE": { "distance_m": 1502.39, "duration_min": 10.22 } }, "n_metro_15min_bike": 5, "n_metro_30min_bike": 19 }, "geometry": { "type": "Point", "coordinates": [ -8.614979057985474, 41.169762174967452 ] } },
{ "type": "Feature", "properties": { "point_id": 5698, "best_station_bike": 5777, "t_bike_min": 2.75, "distance_m": 501.61, "by_mode": { "BICYCLE": { "distance_m": 501.61, "duration_min": 2.75 } }, "n_metro_15min_bike": 5, "n_metro_30min_bike": 25 }, "geometry": { "type": "Point", "coordinates": [ -8.604659628139554, 41.169804885055612 ] } },
{ "type": "Feature", "properties": { "point_id": 5699, "best_station_bike": 5777, "t_bike_min": 2.23, "distance_m": 386.39, "by_mode": { "BICYCLE": { "distance_m": 386.39, "duration_min": 2.23 } }, "n_metro_15min_bike": 7, "n_metro_30min_bike": 26 }, "geometry": { "type": "Point", "coordinates": [ -8.594340176334605, 41.169846670646969 ] } },
{ "type": "Feature", "properties": { "point_id": 5700, "best_station_bike": 5707, "t_bike_min": 6.35, "distance_m": 1085.06, "by_mode": { "BICYCLE": { "distance_m": 1085.06, "duration_min": 6.35 } }, "n_metro_15min_bike": 7, "n_metro_30min_bike": 25 }, "geometry": { "type": "Point", "coordinates": [ -8.584020703051097, 41.169887531735959 ] } },
{ "type": "Feature", "properties": { "point_id": 5701, "best_station_bike": 5717, "t_bike_min": 14.7, "distance_m": 1073.48, "by_mode": { "BICYCLE": { "distance_m": 1073.48, "duration_min": 14.7 } }, "n_metro_15min_bike": 2, "n_metro_30min_bike": 7 }, "geometry": { "type": "Point", "coordinates": [ -8.573701208769512, 41.169927468317091 ] } },
{ "type": "Feature", "properties": { "point_id": 5702, "best_station_bike": 5714, "t_bike_min": 8.43, "distance_m": 1054.32, "by_mode": { "BICYCLE": { "distance_m": 1054.32, "duration_min": 8.43 } }, "n_metro_15min_bike": 1, "n_metro_30min_bike": 11 }, "geometry": { "type": "Point", "coordinates": [ -8.563381693970332, 41.169966480385042 ] } },
{ "type": "Feature", "properties": { "point_id": 5703, "best_station_bike": 5728, "t_bike_min": 10.48, "distance_m": 1666.24, "by_mode": { "BICYCLE": { "distance_m": 1666.24, "duration_min": 10.48 } }, "n_metro_15min_bike": 6, "n_metro_30min_bike": 9 }, "geometry": { "type": "Point", "coordinates": [ -8.553062159134051, 41.170004567934619 ] } },
{ "type": "Feature", "properties": { "point_id": 5704, "best_station_bike": 5728, "t_bike_min": 5.07, "distance_m": 697.73, "by_mode": { "BICYCLE": { "distance_m": 697.73, "duration_min": 5.07 } }, "n_metro_15min_bike": 4, "n_metro_30min_bike": 7 }, "geometry": { "type": "Point", "coordinates": [ -8.542742604741163, 41.170041730960691 ] } },
{ "type": "Feature", "properties": { "point_id": 5705, "best_station_bike": 5728, "t_bike_min": 10.15, "distance_m": 1508.4, "by_mode": { "BICYCLE": { "distance_m": 1508.4, "duration_min": 10.15 } }, "n_metro_15min_bike": 3, "n_metro_30min_bike": 7 }, "geometry": { "type": "Point", "coordinates": [ -8.532423031272174, 41.170077969458326 ] } },
{ "type": "Feature", "properties": { "point_id": 5706, "best_station_bike": 5728, "t_bike_min": 16.03, "distance_m": 3275.07, "by_mode": { "BICYCLE": { "distance_m": 3275.07, "duration_min": 16.03 } }, "n_metro_15min_bike": 0, "n_metro_30min_bike": 7 }, "geometry": { "type": "Point", "coordinates": [ -8.522103439207591, 41.170113283422658 ] } },
{ "type": "Feature", "properties": { "point_id": 5707, "best_station_bike": 5728, "t_bike_min": 26.23, "distance_m": 4548.01, "by_mode": { "BICYCLE": { "distance_m": 4548.01, "duration_min": 26.23 } }, "n_metro_15min_bike": 0, "n_metro_30min_bike": 2 }, "geometry": { "type": "Point", "coordinates": [ -8.511783829027925, 41.170147672848977 ] } },
{ "type": "Feature", "properties": { "point_id": 5768, "best_station_bike": 5716, "t_bike_min": 15.55, "distance_m": 3144.34, "by_mode": { "BICYCLE": { "distance_m": 3144.34, "duration_min": 15.55 } }, "n_metro_15min_bike": 0, "n_metro_30min_bike": 5 }, "geometry": { "type": "Point", "coordinates": [ -8.709847489311342, 41.177606170286552 ] } },
{ "type": "Feature", "properties": { "point_id": 5769, "best_station_bike": 5700, "t_bike_min": 11.58, "distance_m": 1585.14, "by_mode": { "BICYCLE": { "distance_m": 1585.14, "duration_min": 11.58 } }, "n_metro_15min_bike": 3, "n_metro_30min_bike": 6 }, "geometry": { "type": "Point", "coordinates": [ -8.701833986451135, 41.177407187435755 ] } },
{ "type": "Feature", "properties": { "point_id": 5770, "best_station_bike": 5715, "t_bike_min": 6.38, "distance_m": 849.15, "by_mode": { "BICYCLE": { "distance_m": 849.15, "duration_min": 6.38 } }, "n_metro_15min_bike": 5, "n_metro_30min_bike": 7 }, "geometry": { "type": "Point", "coordinates": [ -8.690954227132503, 41.17718543810259 ] } },
{ "type": "Feature", "properties": { "point_id": 5771, "best_station_bike": 5715, "t_bike_min": 7.93, "distance_m": 987.0, "by_mode": { "BICYCLE": { "distance_m": 987.0, "duration_min": 7.93 } }, "n_metro_15min_bike": 5, "n_metro_30min_bike": 8 }, "geometry": { "type": "Point", "coordinates": [ -8.682111159004437, 41.1762149881718 ] } },
{ "type": "Feature", "properties": { "point_id": 5772, "best_station_bike": 5719, "t_bike_min": 8.3, "distance_m": 1085.0, "by_mode": { "BICYCLE": { "distance_m": 1085.0, "duration_min": 8.3 } }, "n_metro_15min_bike": 4, "n_metro_30min_bike": 14 }, "geometry": { "type": "Point", "coordinates": [ -8.671790823965098, 41.176263718856859 ] } },
{ "type": "Feature", "properties": { "point_id": 5773, "best_station_bike": 5720, "t_bike_min": 14.55, "distance_m": 2070.56, "by_mode": { "BICYCLE": { "distance_m": 2070.56, "duration_min": 14.55 } }, "n_metro_15min_bike": 3, "n_metro_30min_bike": 16 }, "geometry": { "type": "Point", "coordinates": [ -8.661470463834071, 41.176311524866009 ] } },
{ "type": "Feature", "properties": { "point_id": 5774, "best_station_bike": 5729, "t_bike_min": 5.6, "distance_m": 876.29, "by_mode": { "BICYCLE": { "distance_m": 876.29, "duration_min": 5.6 } }, "n_metro_15min_bike": 8, "n_metro_30min_bike": 21 }, "geometry": { "type": "Point", "coordinates": [ -8.651150079091966, 41.176358406192847 ] } },
{ "type": "Feature", "properties": { "point_id": 5775, "best_station_bike": 5729, "t_bike_min": 6.05, "distance_m": 763.77, "by_mode": { "BICYCLE": { "distance_m": 763.77, "duration_min": 6.05 } }, "n_metro_15min_bike": 4, "n_metro_30min_bike": 18 }, "geometry": { "type": "Point", "coordinates": [ -8.640829670219407, 41.176404362831121 ] } },
{ "type": "Feature", "properties": { "point_id": 5776, "best_station_bike": 5721, "t_bike_min": 9.65, "distance_m": 1787.81, "by_mode": { "BICYCLE": { "distance_m": 1787.81, "duration_min": 9.65 } }, "n_metro_15min_bike": 3, "n_metro_30min_bike": 27 }, "geometry": { "type": "Point", "coordinates": [ -8.630509237697023, 41.176449394774679 ] } },
{ "type": "Feature", "properties": { "point_id": 5777, "best_station_bike": 5776, "t_bike_min": 11.62, "distance_m": 1904.57, "by_mode": { "BICYCLE": { "distance_m": 1904.57, "duration_min": 11.62 } }, "n_metro_15min_bike": 2, "n_metro_30min_bike": 21 }, "geometry": { "type": "Point", "coordinates": [ -8.620188782005449, 41.176493502017507 ] } },
{ "type": "Feature", "properties": { "point_id": 5778, "best_station_bike": 5776, "t_bike_min": 6.52, "distance_m": 1003.4, "by_mode": { "BICYCLE": { "distance_m": 1003.4, "duration_min": 6.52 } }, "n_metro_15min_bike": 3, "n_metro_30min_bike": 23 }, "geometry": { "type": "Point", "coordinates": [ -8.60986830362533, 41.176536684553696 ] } },
{ "type": "Feature", "properties": { "point_id": 5779, "best_station_bike": 5776, "t_bike_min": 5.13, "distance_m": 715.39, "by_mode": { "BICYCLE": { "distance_m": 715.39, "duration_min": 5.13 } }, "n_metro_15min_bike": 5, "n_metro_30min_bike": 21 }, "geometry": { "type": "Point", "coordinates": [ -8.599547803037314, 41.176578942377496 ] } },
{ "type": "Feature", "properties": { "point_id": 5780, "best_station_bike": 5776, "t_bike_min": 9.58, "distance_m": 1693.08, "by_mode": { "BICYCLE": { "distance_m": 1693.08, "duration_min": 9.58 } }, "n_metro_15min_bike": 5, "n_metro_30min_bike": 17 }, "geometry": { "type": "Point", "coordinates": [ -8.589227280722058, 41.176620275483238 ] } },
{ "type": "Feature", "properties": { "point_id": 5781, "best_station_bike": 5718, "t_bike_min": 3.9, "distance_m": 1181.75, "by_mode": { "BICYCLE": { "distance_m": 1181.75, "duration_min": 3.9 } }, "n_metro_15min_bike": 6, "n_metro_30min_bike": 23 }, "geometry": { "type": "Point", "coordinates": [ -8.578906737160224, 41.176660683865386 ] } },
{ "type": "Feature", "properties": { "point_id": 5782, "best_station_bike": 5718, "t_bike_min": 5.87, "distance_m": 884.25, "by_mode": { "BICYCLE": { "distance_m": 884.25, "duration_min": 5.87 } }, "n_metro_15min_bike": 4, "n_metro_30min_bike": 13 }, "geometry": { "type": "Point", "coordinates": [ -8.568586172832481, 41.176700167518575 ] } },
{ "type": "Feature", "properties": { "point_id": 5783, "best_station_bike": 5714, "t_bike_min": 4.83, "distance_m": 734.81, "by_mode": { "BICYCLE": { "distance_m": 734.81, "duration_min": 4.83 } }, "n_metro_15min_bike": 4, "n_metro_30min_bike": 10 }, "geometry": { "type": "Point", "coordinates": [ -8.558265588219502, 41.176738726437506 ] } },
{ "type": "Feature", "properties": { "point_id": 5784, "best_station_bike": 5702, "t_bike_min": 4.23, "distance_m": 1136.68, "by_mode": { "BICYCLE": { "distance_m": 1136.68, "duration_min": 4.23 } }, "n_metro_15min_bike": 7, "n_metro_30min_bike": 10 }, "geometry": { "type": "Point", "coordinates": [ -8.547944983801969, 41.176776360617019 ] } },
{ "type": "Feature", "properties": { "point_id": 5785, "best_station_bike": 5728, "t_bike_min": 6.25, "distance_m": 1062.09, "by_mode": { "BICYCLE": { "distance_m": 1062.09, "duration_min": 6.25 } }, "n_metro_15min_bike": 5, "n_metro_30min_bike": 7 }, "geometry": { "type": "Point", "coordinates": [ -8.537624360060571, 41.176813070052084 ] } },
{ "type": "Feature", "properties": { "point_id": 5786, "best_station_bike": 5728, "t_bike_min": 13.07, "distance_m": 2508.56, "by_mode": { "BICYCLE": { "distance_m": 2508.56, "duration_min": 13.07 } }, "n_metro_15min_bike": 2, "n_metro_30min_bike": 7 }, "geometry": { "type": "Point", "coordinates": [ -8.527303717475997, 41.176848854737806 ] } },
{ "type": "Feature", "properties": { "point_id": 5787, "best_station_bike": 5728, "t_bike_min": 13.67, "distance_m": 3235.15, "by_mode": { "BICYCLE": { "distance_m": 3235.15, "duration_min": 13.67 } }, "n_metro_15min_bike": 2, "n_metro_30min_bike": 7 }, "geometry": { "type": "Point", "coordinates": [ -8.516983056528947, 41.17688371466938 ] } },
{ "type": "Feature", "properties": { "point_id": 5788, "best_station_bike": 5728, "t_bike_min": 20.73, "distance_m": 4186.05, "by_mode": { "BICYCLE": { "distance_m": 4186.05, "duration_min": 20.73 } }, "n_metro_15min_bike": 0, "n_metro_30min_bike": 5 }, "geometry": { "type": "Point", "coordinates": [ -8.506662377700124, 41.176917649842167 ] } },
{ "type": "Feature", "properties": { "point_id": 5848, "best_station_bike": 5716, "t_bike_min": 13.03, "distance_m": 2457.68, "by_mode": { "BICYCLE": { "distance_m": 2457.68, "duration_min": 13.03 } }, "n_metro_15min_bike": 2, "n_metro_30min_bike": 5 }, "geometry": { "type": "Point", "coordinates": [ -8.708664346366197, 41.183340255966769 ] } },
{ "type": "Feature", "properties": { "point_id": 5849, "best_station_bike": 5716, "t_bike_min": 5.72, "distance_m": 891.45, "by_mode": { "BICYCLE": { "distance_m": 891.45, "duration_min": 5.72 } }, "n_metro_15min_bike": 5, "n_metro_30min_bike": 7 }, "geometry": { "type": "Point", "coordinates": [ -8.697313389367331, 41.183118355041074 ] } },
{ "type": "Feature", "properties": { "point_id": 5850, "best_station_bike": 5715, "t_bike_min": 3.92, "distance_m": 476.4, "by_mode": { "BICYCLE": { "distance_m": 476.4, "duration_min": 3.92 } }, "n_metro_15min_bike": 6, "n_metro_30min_bike": 12 }, "geometry": { "type": "Point", "coordinates": [ -8.687328241592724, 41.182943225211474 ] } },
{ "type": "Feature", "properties": { "point_id": 5851, "best_station_bike": 5701, "t_bike_min": 2.3, "distance_m": 460.45, "by_mode": { "BICYCLE": { "distance_m": 460.45, "duration_min": 2.3 } }, "n_metro_15min_bike": 6, "n_metro_30min_bike": 12 }, "geometry": { "type": "Point", "coordinates": [ -8.677006859285788, 41.182992429856057 ] } },
{ "type": "Feature", "properties": { "point_id": 5852, "best_station_bike": 5720, "t_bike_min": 5.9, "distance_m": 537.8, "by_mode": { "BICYCLE": { "distance_m": 537.8, "duration_min": 5.9 } }, "n_metro_15min_bike": 9, "n_metro_30min_bike": 16 }, "geometry": { "type": "Point", "coordinates": [ -8.666685451637003, 41.183040709609479 ] } },
{ "type": "Feature", "properties": { "point_id": 5853, "best_station_bike": 5709, "t_bike_min": 6.62, "distance_m": 969.66, "by_mode": { "BICYCLE": { "distance_m": 969.66, "duration_min": 6.62 } }, "n_metro_15min_bike": 7, "n_metro_30min_bike": 18 }, "geometry": { "type": "Point", "coordinates": [ -8.656364019127166, 41.183088064465316 ] } },
{ "type": "Feature", "properties": { "point_id": 5854, "best_station_bike": 5725, "t_bike_min": 5.22, "distance_m": 702.6, "by_mode": { "BICYCLE": { "distance_m": 702.6, "duration_min": 5.22 } }, "n_metro_15min_bike": 8, "n_metro_30min_bike": 24 }, "geometry": { "type": "Point", "coordinates": [ -8.646042562237085, 41.183134494417196 ] } },
{ "type": "Feature", "properties": { "point_id": 5855, "best_station_bike": 5725, "t_bike_min": 10.8, "distance_m": 1747.88, "by_mode": { "BICYCLE": { "distance_m": 1747.88, "duration_min": 10.8 } }, "n_metro_15min_bike": 5, "n_metro_30min_bike": 25 }, "geometry": { "type": "Point", "coordinates": [ -8.635721081447571, 41.183179999458957 ] } },
{ "type": "Feature", "properties": { "point_id": 5856, "best_station_bike": 5721, "t_bike_min": 14.62, "distance_m": 2646.88, "by_mode": { "BICYCLE": { "distance_m": 2646.88, "duration_min": 14.62 } }, "n_metro_15min_bike": 1, "n_metro_30min_bike": 22 }, "geometry": { "type": "Point", "coordinates": [ -8.625399577239444, 41.183224579584483 ] } },
{ "type": "Feature", "properties": { "point_id": 5857, "best_station_bike": 5791, "t_bike_min": 14.42, "distance_m": 2093.35, "by_mode": { "BICYCLE": { "distance_m": 2093.35, "duration_min": 14.42 } }, "n_metro_15min_bike": 1, "n_metro_30min_bike": 20 }, "geometry": { "type": "Point", "coordinates": [ -8.61507805009353, 41.183268234787811 ] } },
{ "type": "Feature", "properties": { "point_id": 5858, "best_station_bike": 5791, "t_bike_min": 3.8, "distance_m": 481.16, "by_mode": { "BICYCLE": { "distance_m": 481.16, "duration_min": 3.8 } }, "n_metro_15min_bike": 3, "n_metro_30min_bike": 19 }, "geometry": { "type": "Point", "coordinates": [ -8.604756500490661, 41.183310965063136 ] } },
{ "type": "Feature", "properties": { "point_id": 5859, "best_station_bike": 5791, "t_bike_min": 12.38, "distance_m": 1805.46, "by_mode": { "BICYCLE": { "distance_m": 1805.46, "duration_min": 12.38 } }, "n_metro_15min_bike": 1, "n_metro_30min_bike": 11 }, "geometry": { "type": "Point", "coordinates": [ -8.59443492891168, 41.183352770404703 ] } },
{ "type": "Feature", "properties": { "point_id": 5860, "best_station_bike": 5718, "t_bike_min": 11.35, "distance_m": 2262.81, "by_mode": { "BICYCLE": { "distance_m": 2262.81, "duration_min": 11.35 } }, "n_metro_15min_bike": 4, "n_metro_30min_bike": 19 }, "geometry": { "type": "Point", "coordinates": [ -8.584113335837431, 41.183393650806956 ] } },
{ "type": "Feature", "properties": { "point_id": 5861, "best_station_bike": 5714, "t_bike_min": 8.58, "distance_m": 1650.59, "by_mode": { "BICYCLE": { "distance_m": 1650.59, "duration_min": 8.58 } }, "n_metro_15min_bike": 2, "n_metro_30min_bike": 17 }, "geometry": { "type": "Point", "coordinates": [ -8.573791721748767, 41.183433606264423 ] } },
{ "type": "Feature", "properties": { "point_id": 5862, "best_station_bike": 5714, "t_bike_min": 7.97, "distance_m": 1264.71, "by_mode": { "BICYCLE": { "distance_m": 1264.71, "duration_min": 7.97 } }, "n_metro_15min_bike": 4, "n_metro_30min_bike": 13 }, "geometry": { "type": "Point", "coordinates": [ -8.563470087126545, 41.183472636771747 ] } },
{ "type": "Feature", "properties": { "point_id": 5863, "best_station_bike": 5702, "t_bike_min": 0.78, "distance_m": 79.4, "by_mode": { "BICYCLE": { "distance_m": 79.4, "duration_min": 0.78 } }, "n_metro_15min_bike": 5, "n_metro_30min_bike": 10 }, "geometry": { "type": "Point", "coordinates": [ -8.553148432451632, 41.183510742323719 ] } },
{ "type": "Feature", "properties": { "point_id": 5864, "best_station_bike": 5698, "t_bike_min": 6.75, "distance_m": 804.73, "by_mode": { "BICYCLE": { "distance_m": 804.73, "duration_min": 6.75 } }, "n_metro_15min_bike": 7, "n_metro_30min_bike": 8 }, "geometry": { "type": "Point", "coordinates": [ -8.5428267582049, 41.183547922915238 ] } },
{ "type": "Feature", "properties": { "point_id": 5865, "best_station_bike": 5728, "t_bike_min": 6.83, "distance_m": 1594.87, "by_mode": { "BICYCLE": { "distance_m": 1594.87, "duration_min": 6.83 } }, "n_metro_15min_bike": 5, "n_metro_30min_bike": 7 }, "geometry": { "type": "Point", "coordinates": [ -8.532505064867221, 41.183584178541338 ] } },
{ "type": "Feature", "properties": { "point_id": 5866, "best_station_bike": 5728, "t_bike_min": 10.13, "distance_m": 2286.4, "by_mode": { "BICYCLE": { "distance_m": 2286.4, "duration_min": 10.13 } }, "n_metro_15min_bike": 3, "n_metro_30min_bike": 7 }, "geometry": { "type": "Point", "coordinates": [ -8.522183352919482, 41.183619509197179 ] } },
{ "type": "Feature", "properties": { "point_id": 5867, "best_station_bike": 5728, "t_bike_min": 16.93, "distance_m": 3810.94, "by_mode": { "BICYCLE": { "distance_m": 3810.94, "duration_min": 16.93 } }, "n_metro_15min_bike": 0, "n_metro_30min_bike": 7 }, "geometry": { "type": "Point", "coordinates": [ -8.511861622842567, 41.183653914878015 ] } },
{ "type": "Feature", "properties": { "point_id": 5928, "best_station_bike": 5716, "t_bike_min": 7.32, "distance_m": 1447.78, "by_mode": { "BICYCLE": { "distance_m": 1447.78, "duration_min": 7.32 } }, "n_metro_15min_bike": 4, "n_metro_30min_bike": 6 }, "geometry": { "type": "Point", "coordinates": [ -8.702551790667844, 41.189637340505662 ] } },
{ "type": "Feature", "properties": { "point_id": 5929, "best_station_bike": 5716, "t_bike_min": 3.63, "distance_m": 328.43, "by_mode": { "BICYCLE": { "distance_m": 328.43, "duration_min": 3.63 } }, "n_metro_15min_bike": 4, "n_metro_30min_bike": 9 }, "geometry": { "type": "Point", "coordinates": [ -8.692546397261303, 41.189671211286395 ] } },
{ "type": "Feature", "properties": { "point_id": 5930, "best_station_bike": 5723, "t_bike_min": 4.75, "distance_m": 535.91, "by_mode": { "BICYCLE": { "distance_m": 535.91, "duration_min": 4.75 } }, "n_metro_15min_bike": 5, "n_metro_30min_bike": 13 }, "geometry": { "type": "Point", "coordinates": [ -8.68222396745632, 41.189720890109712 ] } },
{ "type": "Feature", "properties": { "point_id": 5931, "best_station_bike": 5701, "t_bike_min": 6.12, "distance_m": 1731.22, "by_mode": { "BICYCLE": { "distance_m": 1731.22, "duration_min": 6.12 } }, "n_metro_15min_bike": 12, "n_metro_30min_bike": 18 }, "geometry": { "type": "Point", "coordinates": [ -8.671901512059142, 41.189769643826622 ] } },
{ "type": "Feature", "properties": { "point_id": 5932, "best_station_bike": 5727, "t_bike_min": 0.6, "distance_m": 108.42, "by_mode": { "BICYCLE": { "distance_m": 108.42, "duration_min": 0.6 } }, "n_metro_15min_bike": 13, "n_metro_30min_bike": 20 }, "geometry": { "type": "Point", "coordinates": [ -8.661579031550746, 41.189817472430626 ] } },
{ "type": "Feature", "properties": { "point_id": 5933, "best_station_bike": 5737, "t_bike_min": 4.48, "distance_m": 654.84, "by_mode": { "BICYCLE": { "distance_m": 654.84, "duration_min": 4.48 } }, "n_metro_15min_bike": 7, "n_metro_30min_bike": 21 }, "geometry": { "type": "Point", "coordinates": [ -8.651256526412126, 41.18986437591532 ] } },
{ "type": "Feature", "properties": { "point_id": 5934, "best_station_bike": 5724, "t_bike_min": 7.78, "distance_m": 1644.34, "by_mode": { "BICYCLE": { "distance_m": 1644.34, "duration_min": 7.78 } }, "n_metro_15min_bike": 10, "n_metro_30min_bike": 22 }, "geometry": { "type": "Point", "coordinates": [ -8.640933997124273, 41.189910354274438 ] } },
{ "type": "Feature", "properties": { "point_id": 5935, "best_station_bike": 5724, "t_bike_min": 15.07, "distance_m": 3022.75, "by_mode": { "BICYCLE": { "distance_m": 3022.75, "duration_min": 15.07 } }, "n_metro_15min_bike": 0, "n_metro_30min_bike": 24 }, "geometry": { "type": "Point", "coordinates": [ -8.630611444168194, 41.18995540750182 ] } },
{ "type": "Feature", "properties": { "point_id": 5936, "best_station_bike": 5791, "t_bike_min": 18.22, "distance_m": 2718.08, "by_mode": { "BICYCLE": { "distance_m": 2718.08, "duration_min": 18.22 } }, "n_metro_15min_bike": 0, "n_metro_30min_bike": 16 }, "geometry": { "type": "Point", "coordinates": [ -8.620288868024895, 41.18999953559144 ] } },
{ "type": "Feature", "properties": { "point_id": 5937, "best_station_bike": 5791, "t_bike_min": 11.7, "distance_m": 1599.39, "by_mode": { "BICYCLE": { "distance_m": 1599.39, "duration_min": 11.7 } }, "n_metro_15min_bike": 1, "n_metro_30min_bike": 17 }, "geometry": { "type": "Point", "coordinates": [ -8.609966269175395, 41.190042738537421 ] } },
{ "type": "Feature", "properties": { "point_id": 5938, "best_station_bike": 5791, "t_bike_min": 13.0, "distance_m": 1673.48, "by_mode": { "BICYCLE": { "distance_m": 1673.48, "duration_min": 13.0 } }, "n_metro_15min_bike": 1, "n_metro_30min_bike": 4 }, "geometry": { "type": "Point", "coordinates": [ -8.59964364810072, 41.190085016333953 ] } },
{ "type": "Feature", "properties": { "point_id": 5939, "best_station_bike": 5791, "t_bike_min": 15.9, "distance_m": 2616.35, "by_mode": { "BICYCLE": { "distance_m": 2616.35, "duration_min": 15.9 } }, "n_metro_15min_bike": 0, "n_metro_30min_bike": 13 }, "geometry": { "type": "Point", "coordinates": [ -8.589321005281894, 41.190126368975413 ] } },
{ "type": "Feature", "properties": { "point_id": 5940, "best_station_bike": 5718, "t_bike_min": 13.27, "distance_m": 2862.84, "by_mode": { "BICYCLE": { "distance_m": 2862.84, "duration_min": 13.27 } }, "n_metro_15min_bike": 3, "n_metro_30min_bike": 18 }, "geometry": { "type": "Point", "coordinates": [ -8.578998341199959, 41.190166796456246 ] } },
{ "type": "Feature", "properties": { "point_id": 5941, "best_station_bike": 5702, "t_bike_min": 8.5, "distance_m": 1861.19, "by_mode": { "BICYCLE": { "distance_m": 1861.19, "duration_min": 8.5 } }, "n_metro_15min_bike": 3, "n_metro_30min_bike": 15 }, "geometry": { "type": "Point", "coordinates": [ -8.568675656335957, 41.190206298771059 ] } },
{ "type": "Feature", "properties": { "point_id": 5942, "best_station_bike": 5702, "t_bike_min": 6.28, "distance_m": 1244.38, "by_mode": { "BICYCLE": { "distance_m": 1244.38, "duration_min": 6.28 } }, "n_metro_15min_bike": 3, "n_metro_30min_bike": 10 }, "geometry": { "type": "Point", "coordinates": [ -8.558352951170933, 41.19024487591458 ] } },
{ "type": "Feature", "properties": { "point_id": 5943, "best_station_bike": 5702, "t_bike_min": 5.5, "distance_m": 1240.45, "by_mode": { "BICYCLE": { "distance_m": 1240.45, "duration_min": 5.5 } }, "n_metro_15min_bike": 6, "n_metro_30min_bike": 10 }, "geometry": { "type": "Point", "coordinates": [ -8.548030226185947, 41.190282527881628 ] } },
{ "type": "Feature", "properties": { "point_id": 5944, "best_station_bike": 5698, "t_bike_min": 7.48, "distance_m": 1407.59, "by_mode": { "BICYCLE": { "distance_m": 1407.59, "duration_min": 7.48 } }, "n_metro_15min_bike": 6, "n_metro_30min_bike": 9 }, "geometry": { "type": "Point", "coordinates": [ -8.537707481862055, 41.190319254667166 ] } },
{ "type": "Feature", "properties": { "point_id": 5945, "best_station_bike": 5728, "t_bike_min": 11.17, "distance_m": 2592.21, "by_mode": { "BICYCLE": { "distance_m": 2592.21, "duration_min": 11.17 } }, "n_metro_15min_bike": 4, "n_metro_30min_bike": 7 }, "geometry": { "type": "Point", "coordinates": [ -8.527384718680326, 41.190355056266306 ] } },
{ "type": "Feature", "properties": { "point_id": 5946, "best_station_bike": 5728, "t_bike_min": 11.25, "distance_m": 3055.08, "by_mode": { "BICYCLE": { "distance_m": 3055.08, "duration_min": 11.25 } }, "n_metro_15min_bike": 2, "n_metro_30min_bike": 7 }, "geometry": { "type": "Point", "coordinates": [ -8.517061937121831, 41.190389932674236 ] } },
{ "type": "Feature", "properties": { "point_id": 6008, "best_station_bike": 5716, "t_bike_min": 13.08, "distance_m": 2408.14, "by_mode": { "BICYCLE": { "distance_m": 2408.14, "duration_min": 13.08 } }, "n_metro_15min_bike": 1, "n_metro_30min_bike": 5 }, "geometry": { "type": "Point", "coordinates": [ -8.707150257563647, 41.196744684927822 ] } },
{ "type": "Feature", "properties": { "point_id": 6009, "best_station_bike": 5716, "t_bike_min": 8.3, "distance_m": 1519.71, "by_mode": { "BICYCLE": { "distance_m": 1519.71, "duration_min": 8.3 } }, "n_metro_15min_bike": 3, "n_metro_30min_bike": 6 }, "geometry": { "type": "Point", "coordinates": [ -8.697765626491051, 41.19639894622965 ] } },
{ "type": "Feature", "properties": { "point_id": 6010, "best_station_bike": 5716, "t_bike_min": 14.37, "distance_m": 2084.17, "by_mode": { "BICYCLE": { "distance_m": 2084.17, "duration_min": 14.37 } }, "n_metro_15min_bike": 1, "n_metro_30min_bike": 5 }, "geometry": { "type": "Point", "coordinates": [ -8.687442148957585, 41.196449099450959 ] } },
{ "type": "Feature", "properties": { "point_id": 6011, "best_station_bike": 5723, "t_bike_min": 10.92, "distance_m": 2098.08, "by_mode": { "BICYCLE": { "distance_m": 2098.08, "duration_min": 10.92 } }, "n_metro_15min_bike": 7, "n_metro_30min_bike": 17 }, "geometry": { "type": "Point", "coordinates": [ -8.677118645581382, 41.196498327350618 ] } },
{ "type": "Feature", "properties": { "point_id": 6012, "best_station_bike": 5737, "t_bike_min": 7.52, "distance_m": 1377.09, "by_mode": { "BICYCLE": { "distance_m": 1377.09, "duration_min": 7.52 } }, "n_metro_15min_bike": 11, "n_metro_30min_bike": 19 }, "geometry": { "type": "Point", "coordinates": [ -8.666795116843607, 41.196546629922032 ] } },
{ "type": "Feature", "properties": { "point_id": 6013, "best_station_bike": 5737, "t_bike_min": 2.55, "distance_m": 388.24, "by_mode": { "BICYCLE": { "distance_m": 388.24, "duration_min": 2.55 } }, "n_metro_15min_bike": 7, "n_metro_30min_bike": 21 }, "geometry": { "type": "Point", "coordinates": [ -8.656471563225436, 41.196594007158765 ] } },
{ "type": "Feature", "properties": { "point_id": 6014, "best_station_bike": 5755, "t_bike_min": 6.78, "distance_m": 1255.08, "by_mode": { "BICYCLE": { "distance_m": 1255.08, "duration_min": 6.78 } }, "n_metro_15min_bike": 11, "n_metro_30min_bike": 22 }, "geometry": { "type": "Point", "coordinates": [ -8.646147985208046, 41.196640459054464 ] } },
{ "type": "Feature", "properties": { "point_id": 6015, "best_station_bike": 5764, "t_bike_min": 10.18, "distance_m": 1993.56, "by_mode": { "BICYCLE": { "distance_m": 1993.56, "duration_min": 10.18 } }, "n_metro_15min_bike": 5, "n_metro_30min_bike": 22 }, "geometry": { "type": "Point", "coordinates": [ -8.63582438327262, 41.196685985602905 ] } },
{ "type": "Feature", "properties": { "point_id": 6016, "best_station_bike": 5724, "t_bike_min": 23.3, "distance_m": 3908.61, "by_mode": { "BICYCLE": { "distance_m": 3908.61, "duration_min": 23.3 } }, "n_metro_15min_bike": 0, "n_metro_30min_bike": 15 }, "geometry": { "type": "Point", "coordinates": [ -8.625500757900355, 41.196730586798033 ] } },
{ "type": "Feature", "properties": { "point_id": 6017, "best_station_bike": 5791, "t_bike_min": 16.13, "distance_m": 2508.04, "by_mode": { "BICYCLE": { "distance_m": 2508.04, "duration_min": 16.13 } }, "n_metro_15min_bike": 0, "n_metro_30min_bike": 15 }, "geometry": { "type": "Point", "coordinates": [ -8.615177109572452, 41.196774262633845 ] } },
{ "type": "Feature", "properties": { "point_id": 6018, "best_station_bike": 5791, "t_bike_min": 12.07, "distance_m": 1884.72, "by_mode": { "BICYCLE": { "distance_m": 1884.72, "duration_min": 12.07 } }, "n_metro_15min_bike": 1, "n_metro_30min_bike": 6 }, "geometry": { "type": "Point", "coordinates": [ -8.604853438770116, 41.196817013104528 ] } },
{ "type": "Feature", "properties": { "point_id": 6019, "best_station_bike": 5791, "t_bike_min": 21.68, "distance_m": 2794.81, "by_mode": { "BICYCLE": { "distance_m": 2794.81, "duration_min": 21.68 } }, "n_metro_15min_bike": 0, "n_metro_30min_bike": 3 }, "geometry": { "type": "Point", "coordinates": [ -8.594529745974565, 41.196858838204349 ] } },
{ "type": "Feature", "properties": { "point_id": 6020, "best_station_bike": 5702, "t_bike_min": 21.88, "distance_m": 3967.67, "by_mode": { "BICYCLE": { "distance_m": 3967.67, "duration_min": 21.88 } }, "n_metro_15min_bike": 0, "n_metro_30min_bike": 11 }, "geometry": { "type": "Point", "coordinates": [ -8.584206031667016, 41.196899737927701 ] } },
{ "type": "Feature", "properties": { "point_id": 6021, "best_station_bike": 5702, "t_bike_min": 13.93, "distance_m": 2947.79, "by_mode": { "BICYCLE": { "distance_m": 2947.79, "duration_min": 13.93 } }, "n_metro_15min_bike": 1, "n_metro_30min_bike": 16 }, "geometry": { "type": "Point", "coordinates": [ -8.573882296328696, 41.196939712269163 ] } },
{ "type": "Feature", "properties": { "point_id": 6022, "best_station_bike": 5702, "t_bike_min": 14.53, "distance_m": 2749.85, "by_mode": { "BICYCLE": { "distance_m": 2749.85, "duration_min": 14.53 } }, "n_metro_15min_bike": 1, "n_metro_30min_bike": 12 }, "geometry": { "type": "Point", "coordinates": [ -8.563558540440839, 41.196978761223342 ] } },
{ "type": "Feature", "properties": { "point_id": 6023, "best_station_bike": 5702, "t_bike_min": 24.47, "distance_m": 4038.16, "by_mode": { "BICYCLE": { "distance_m": 4038.16, "duration_min": 24.47 } }, "n_metro_15min_bike": 0, "n_metro_30min_bike": 4 }, "geometry": { "type": "Point", "coordinates": [ -8.553234764484683, 41.197016884785029 ] } },
{ "type": "Feature", "properties": { "point_id": 6024, "best_station_bike": 5702, "t_bike_min": 11.83, "distance_m": 2298.68, "by_mode": { "BICYCLE": { "distance_m": 2298.68, "duration_min": 11.83 } }, "n_metro_15min_bike": 4, "n_metro_30min_bike": 7 }, "geometry": { "type": "Point", "coordinates": [ -8.542910968941474, 41.19705408294913 ] } },
{ "type": "Feature", "properties": { "point_id": 6025, "best_station_bike": 5698, "t_bike_min": 14.18, "distance_m": 2374.18, "by_mode": { "BICYCLE": { "distance_m": 2374.18, "duration_min": 14.18 } }, "n_metro_15min_bike": 3, "n_metro_30min_bike": 7 }, "geometry": { "type": "Point", "coordinates": [ -8.532587154292463, 41.197090355710664 ] } },
{ "type": "Feature", "properties": { "point_id": 6026, "best_station_bike": 5728, "t_bike_min": 16.73, "distance_m": 4024.53, "by_mode": { "BICYCLE": { "distance_m": 4024.53, "duration_min": 16.73 } }, "n_metro_15min_bike": 0, "n_metro_30min_bike": 7 }, "geometry": { "type": "Point", "coordinates": [ -8.522263321018904, 41.197125703064778 ] } },
{ "type": "Feature", "properties": { "point_id": 6027, "best_station_bike": 5728, "t_bike_min": 29.6, "distance_m": 4996.81, "by_mode": { "BICYCLE": { "distance_m": 4996.81, "duration_min": 29.6 } }, "n_metro_15min_bike": 0, "n_metro_30min_bike": 2 }, "geometry": { "type": "Point", "coordinates": [ -8.51193946960206, 41.197160125006761 ] } },
{ "type": "Feature", "properties": { "point_id": 6088, "best_station_bike": 5716, "t_bike_min": 18.58, "distance_m": 3337.0, "by_mode": { "BICYCLE": { "distance_m": 3337.0, "duration_min": 18.58 } }, "n_metro_15min_bike": 0, "n_metro_30min_bike": 4 }, "geometry": { "type": "Point", "coordinates": [ -8.712187457520137, 41.203596981190564 ] } },
{ "type": "Feature", "properties": { "point_id": 6089, "best_station_bike": 5716, "t_bike_min": 18.32, "distance_m": 3303.01, "by_mode": { "BICYCLE": { "distance_m": 3303.01, "duration_min": 18.32 } }, "n_metro_15min_bike": 0, "n_metro_30min_bike": 4 }, "geometry": { "type": "Point", "coordinates": [ -8.702985929763031, 41.203126429874253 ] } },
{ "type": "Feature", "properties": { "point_id": 6090, "best_station_bike": 5716, "t_bike_min": 13.47, "distance_m": 2642.12, "by_mode": { "BICYCLE": { "distance_m": 2642.12, "duration_min": 13.47 } }, "n_metro_15min_bike": 1, "n_metro_30min_bike": 7 }, "geometry": { "type": "Point", "coordinates": [ -8.692661404270648, 41.203177057712878 ] } },
{ "type": "Feature", "properties": { "point_id": 6091, "best_station_bike": 5716, "t_bike_min": 18.28, "distance_m": 3086.55, "by_mode": { "BICYCLE": { "distance_m": 3086.55, "duration_min": 18.28 } }, "n_metro_15min_bike": 0, "n_metro_30min_bike": 8 }, "geometry": { "type": "Point", "coordinates": [ -8.682336852684802, 41.20322676001458 ] } },
{ "type": "Feature", "properties": { "point_id": 6092, "best_station_bike": 5737, "t_bike_min": 19.87, "distance_m": 2579.58, "by_mode": { "BICYCLE": { "distance_m": 2579.58, "duration_min": 19.87 } }, "n_metro_15min_bike": 0, "n_metro_30min_bike": 13 }, "geometry": { "type": "Point", "coordinates": [ -8.672012275486837, 41.203275536772722 ] } },
{ "type": "Feature", "properties": { "point_id": 6093, "best_station_bike": 5734, "t_bike_min": 9.87, "distance_m": 1250.89, "by_mode": { "BICYCLE": { "distance_m": 1250.89, "duration_min": 9.87 } }, "n_metro_15min_bike": 2, "n_metro_30min_bike": 18 }, "geometry": { "type": "Point", "coordinates": [ -8.661687673158109, 41.20332338798076 ] } },
{ "type": "Feature", "properties": { "point_id": 6094, "best_station_bike": 5734, "t_bike_min": 7.43, "distance_m": 1348.67, "by_mode": { "BICYCLE": { "distance_m": 1348.67, "duration_min": 7.43 } }, "n_metro_15min_bike": 5, "n_metro_30min_bike": 19 }, "geometry": { "type": "Point", "coordinates": [ -8.651363046179984, 41.203370313632306 ] } },
{ "type": "Feature", "properties": { "point_id": 6095, "best_station_bike": 5764, "t_bike_min": 4.05, "distance_m": 920.3, "by_mode": { "BICYCLE": { "distance_m": 920.3, "duration_min": 4.05 } }, "n_metro_15min_bike": 6, "n_metro_30min_bike": 23 }, "geometry": { "type": "Point", "coordinates": [ -8.641038395033828, 41.203416313721085 ] } },
{ "type": "Feature", "properties": { "point_id": 6096, "best_station_bike": 5764, "t_bike_min": 12.32, "distance_m": 2228.73, "by_mode": { "BICYCLE": { "distance_m": 2228.73, "duration_min": 12.32 } }, "n_metro_15min_bike": 4, "n_metro_30min_bike": 14 }, "geometry": { "type": "Point", "coordinates": [ -8.630713720201022, 41.203461388240946 ] } },
{ "type": "Feature", "properties": { "point_id": 6097, "best_station_bike": 5754, "t_bike_min": 23.97, "distance_m": 3767.8, "by_mode": { "BICYCLE": { "distance_m": 3767.8, "duration_min": 23.97 } }, "n_metro_15min_bike": 0, "n_metro_30min_bike": 6 }, "geometry": { "type": "Point", "coordinates": [ -8.620389022162948, 41.203505537185841 ] } },
{ "type": "Feature", "properties": { "point_id": 6098, "best_station_bike": 5791, "t_bike_min": 21.2, "distance_m": 2949.14, "by_mode": { "BICYCLE": { "distance_m": 2949.14, "duration_min": 21.2 } }, "n_metro_15min_bike": 0, "n_metro_30min_bike": 4 }, "geometry": { "type": "Point", "coordinates": [ -8.610064301401, 41.203548760549879 ] } },
{ "type": "Feature", "properties": { "point_id": 6099, "best_station_bike": 5791, "t_bike_min": 24.3, "distance_m": 3339.46, "by_mode": { "BICYCLE": { "distance_m": 3339.46, "duration_min": 24.3 } }, "n_metro_15min_bike": 0, "n_metro_30min_bike": 2 }, "geometry": { "type": "Point", "coordinates": [ -8.599739558396573, 41.203591058327284 ] } },
{ "type": "Feature", "properties": { "point_id": 6100, "best_station_bike": 5791, "t_bike_min": 25.02, "distance_m": 3643.65, "by_mode": { "BICYCLE": { "distance_m": 3643.65, "duration_min": 25.02 } }, "n_metro_15min_bike": 0, "n_metro_30min_bike": 2 }, "geometry": { "type": "Point", "coordinates": [ -8.58941479363107, 41.203632430512393 ] } },
{ "type": "Feature", "properties": { "point_id": 6101, "best_station_bike": 5702, "t_bike_min": 23.05, "distance_m": 4363.41, "by_mode": { "BICYCLE": { "distance_m": 4363.41, "duration_min": 23.05 } }, "n_metro_15min_bike": 0, "n_metro_30min_bike": 5 }, "geometry": { "type": "Point", "coordinates": [ -8.579090007585908, 41.203672877099663 ] } },
{ "type": "Feature", "properties": { "point_id": 6102, "best_station_bike": 5702, "t_bike_min": 16.63, "distance_m": 3416.92, "by_mode": { "BICYCLE": { "distance_m": 3416.92, "duration_min": 16.63 } }, "n_metro_15min_bike": 0, "n_metro_30min_bike": 8 }, "geometry": { "type": "Point", "coordinates": [ -8.568765200742497, 41.203712398083688 ] } },
{ "type": "Feature", "properties": { "point_id": 6103, "best_station_bike": 5702, "t_bike_min": 14.83, "distance_m": 2895.0, "by_mode": { "BICYCLE": { "distance_m": 2895.0, "duration_min": 14.83 } }, "n_metro_15min_bike": 1, "n_metro_30min_bike": 7 }, "geometry": { "type": "Point", "coordinates": [ -8.558440373582267, 41.203750993459195 ] } },
{ "type": "Feature", "properties": { "point_id": 6104, "best_station_bike": 5702, "t_bike_min": 22.85, "distance_m": 4159.21, "by_mode": { "BICYCLE": { "distance_m": 4159.21, "duration_min": 22.85 } }, "n_metro_15min_bike": 0, "n_metro_30min_bike": 7 }, "geometry": { "type": "Point", "coordinates": [ -8.548115526586642, 41.203788663221005 ] } },
{ "type": "Feature", "properties": { "point_id": 6105, "best_station_bike": 5702, "t_bike_min": 14.57, "distance_m": 3434.63, "by_mode": { "BICYCLE": { "distance_m": 3434.63, "duration_min": 14.57 } }, "n_metro_15min_bike": 2, "n_metro_30min_bike": 7 }, "geometry": { "type": "Point", "coordinates": [ -8.537790660237059, 41.203825407364086 ] } },
{ "type": "Feature", "properties": { "point_id": 6106, "best_station_bike": 5702, "t_bike_min": 17.63, "distance_m": 4283.23, "by_mode": { "BICYCLE": { "distance_m": 4283.23, "duration_min": 17.63 } }, "n_metro_15min_bike": 0, "n_metro_30min_bike": 7 }, "geometry": { "type": "Point", "coordinates": [ -8.527465775014958, 41.203861225883507 ] } },
{ "type": "Feature", "properties": { "point_id": 6107, "best_station_bike": 5728, "t_bike_min": 24.22, "distance_m": 4692.22, "by_mode": { "BICYCLE": { "distance_m": 4692.22, "duration_min": 24.22 } }, "n_metro_15min_bike": 0, "n_metro_30min_bike": 5 }, "geometry": { "type": "Point", "coordinates": [ -8.517140871401788, 41.203896118774509 ] } },
{ "type": "Feature", "properties": { "point_id": 6169, "best_station_bike": 5716, "t_bike_min": 26.62, "distance_m": 4265.49, "by_mode": { "BICYCLE": { "distance_m": 4265.49, "duration_min": 26.62 } }, "n_metro_15min_bike": 0, "n_metro_30min_bike": 2 }, "geometry": { "type": "Point", "coordinates": [ -8.715037928831203, 41.209329017954772 ] } },
{ "type": "Feature", "properties": { "point_id": 6170, "best_station_bike": 5716, "t_bike_min": 21.02, "distance_m": 3810.45, "by_mode": { "BICYCLE": { "distance_m": 3810.45, "duration_min": 21.02 } }, "n_metro_15min_bike": 0, "n_metro_30min_bike": 4 }, "geometry": { "type": "Point", "coordinates": [ -8.708207307558485, 41.209853662053206 ] } },
{ "type": "Feature", "properties": { "point_id": 6171, "best_station_bike": 5716, "t_bike_min": 14.5, "distance_m": 2990.89, "by_mode": { "BICYCLE": { "distance_m": 2990.89, "duration_min": 14.5 } }, "n_metro_15min_bike": 1, "n_metro_30min_bike": 8 }, "geometry": { "type": "Point", "coordinates": [ -8.697881733876766, 41.209904764728506 ] } },
{ "type": "Feature", "properties": { "point_id": 6172, "best_station_bike": 5716, "t_bike_min": 20.48, "distance_m": 3981.6, "by_mode": { "BICYCLE": { "distance_m": 3981.6, "duration_min": 20.48 } }, "n_metro_15min_bike": 0, "n_metro_30min_bike": 7 }, "geometry": { "type": "Point", "coordinates": [ -8.687556133850659, 41.20995494165161 ] } },
{ "type": "Feature", "properties": { "point_id": 6173, "best_station_bike": 5716, "t_bike_min": 19.52, "distance_m": 3808.36, "by_mode": { "BICYCLE": { "distance_m": 3808.36, "duration_min": 19.52 } }, "n_metro_15min_bike": 0, "n_metro_30min_bike": 16 }, "geometry": { "type": "Point", "coordinates": [ -8.677230507961699, 41.210004192815795 ] } },
{ "type": "Feature", "properties": { "point_id": 6174, "best_station_bike": 5734, "t_bike_min": 13.68, "distance_m": 2221.3, "by_mode": { "BICYCLE": { "distance_m": 2221.3, "duration_min": 13.68 } }, "n_metro_15min_bike": 1, "n_metro_30min_bike": 13 }, "geometry": { "type": "Point", "coordinates": [ -8.666904856691421, 41.210052518214489 ] } },
{ "type": "Feature", "properties": { "point_id": 6175, "best_station_bike": 5734, "t_bike_min": 14.18, "distance_m": 2475.77, "by_mode": { "BICYCLE": { "distance_m": 2475.77, "duration_min": 14.18 } }, "n_metro_15min_bike": 1, "n_metro_30min_bike": 11 }, "geometry": { "type": "Point", "coordinates": [ -8.656579180521373, 41.210099917841212 ] } },
{ "type": "Feature", "properties": { "point_id": 6176, "best_station_bike": 5736, "t_bike_min": 6.33, "distance_m": 1196.53, "by_mode": { "BICYCLE": { "distance_m": 1196.53, "duration_min": 6.33 } }, "n_metro_15min_bike": 4, "n_metro_30min_bike": 14 }, "geometry": { "type": "Point", "coordinates": [ -8.64625347993311, 41.210146391689626 ] } },
{ "type": "Feature", "properties": { "point_id": 6177, "best_station_bike": 5754, "t_bike_min": 7.78, "distance_m": 1877.69, "by_mode": { "BICYCLE": { "distance_m": 1877.69, "duration_min": 7.78 } }, "n_metro_15min_bike": 5, "n_metro_30min_bike": 16 }, "geometry": { "type": "Point", "coordinates": [ -8.635927755408193, 41.210191939753514 ] } },
{ "type": "Feature", "properties": { "point_id": 6178, "best_station_bike": 5754, "t_bike_min": 15.07, "distance_m": 2606.4, "by_mode": { "BICYCLE": { "distance_m": 2606.4, "duration_min": 15.07 } }, "n_metro_15min_bike": 0, "n_metro_30min_bike": 10 }, "geometry": { "type": "Point", "coordinates": [ -8.625602007428189, 41.210236562026786 ] } },
{ "type": "Feature", "properties": { "point_id": 6179, "best_station_bike": 5763, "t_bike_min": 23.05, "distance_m": 3660.62, "by_mode": { "BICYCLE": { "distance_m": 3660.62, "duration_min": 23.05 } }, "n_metro_15min_bike": 0, "n_metro_30min_bike": 5 }, "geometry": { "type": "Point", "coordinates": [ -8.615276236474676, 41.21028025850346 ] } },
{ "type": "Feature", "properties": { "point_id": 6180, "best_station_bike": 5763, "t_bike_min": 25.52, "distance_m": 4010.86, "by_mode": { "BICYCLE": { "distance_m": 4010.86, "duration_min": 25.52 } }, "n_metro_15min_bike": 0, "n_metro_30min_bike": 3 }, "geometry": { "type": "Point", "coordinates": [ -8.604950443029232, 41.210323029177722 ] } },
{ "type": "Feature", "properties": { "point_id": 6181, "best_station_bike": 5791, "t_bike_min": 26.7, "distance_m": 3908.17, "by_mode": { "BICYCLE": { "distance_m": 3908.17, "duration_min": 26.7 } }, "n_metro_15min_bike": 0, "n_metro_30min_bike": 2 }, "geometry": { "type": "Point", "coordinates": [ -8.594624627573449, 41.210364874043812 ] } },
{ "type": "Feature", "properties": { "point_id": 6183, "best_station_bike": 5702, "t_bike_min": 25.92, "distance_m": 4386.66, "by_mode": { "BICYCLE": { "distance_m": 4386.66, "duration_min": 25.92 } }, "n_metro_15min_bike": 0, "n_metro_30min_bike": 2 }, "geometry": { "type": "Point", "coordinates": [ -8.573972932557245, 41.210445786329267 ] } },
{ "type": "Feature", "properties": { "point_id": 6184, "best_station_bike": 5702, "t_bike_min": 20.23, "distance_m": 3955.66, "by_mode": { "BICYCLE": { "distance_m": 3955.66, "duration_min": 20.23 } }, "n_metro_15min_bike": 0, "n_metro_30min_bike": 4 }, "geometry": { "type": "Point", "coordinates": [ -8.563647053960034, 41.210484853737789 ] } },
{ "type": "Feature", "properties": { "point_id": 6185, "best_station_bike": 5702, "t_bike_min": 23.23, "distance_m": 4306.65, "by_mode": { "BICYCLE": { "distance_m": 4306.65, "duration_min": 23.23 } }, "n_metro_15min_bike": 0, "n_metro_30min_bike": 6 }, "geometry": { "type": "Point", "coordinates": [ -8.553321155278901, 41.210522995316524 ] } },
{ "type": "Feature", "properties": { "point_id": 6186, "best_station_bike": 5702, "t_bike_min": 19.3, "distance_m": 3968.11, "by_mode": { "BICYCLE": { "distance_m": 3968.11, "duration_min": 19.3 } }, "n_metro_15min_bike": 0, "n_metro_30min_bike": 6 }, "geometry": { "type": "Point", "coordinates": [ -8.542995236995464, 41.210560211060347 ] } },
{ "type": "Feature", "properties": { "point_id": 6187, "best_station_bike": 5702, "t_bike_min": 22.95, "distance_m": 4953.76, "by_mode": { "BICYCLE": { "distance_m": 4953.76, "duration_min": 22.95 } }, "n_metro_15min_bike": 0, "n_metro_30min_bike": 6 }, "geometry": { "type": "Point", "coordinates": [ -8.532669299591351, 41.210596500964257 ] } },
{ "type": "Feature", "properties": { "point_id": 6250, "best_station_bike": 5716, "t_bike_min": 25.03, "distance_m": 4645.86, "by_mode": { "BICYCLE": { "distance_m": 4645.86, "duration_min": 25.03 } }, "n_metro_15min_bike": 0, "n_metro_30min_bike": 2 }, "geometry": { "type": "Point", "coordinates": [ -8.712542687358496, 41.216597749819861 ] } },
{ "type": "Feature", "properties": { "point_id": 6251, "best_station_bike": 5716, "t_bike_min": 20.9, "distance_m": 4146.27, "by_mode": { "BICYCLE": { "distance_m": 4146.27, "duration_min": 20.9 } }, "n_metro_15min_bike": 0, "n_metro_30min_bike": 6 }, "geometry": { "type": "Point", "coordinates": [ -8.703103138257372, 41.216632220330794 ] } },
{ "type": "Feature", "properties": { "point_id": 6252, "best_station_bike": 5716, "t_bike_min": 18.12, "distance_m": 3755.71, "by_mode": { "BICYCLE": { "distance_m": 3755.71, "duration_min": 18.12 } }, "n_metro_15min_bike": 0, "n_metro_30min_bike": 8 }, "geometry": { "type": "Point", "coordinates": [ -8.692776489560401, 41.216682872094694 ] } },
{ "type": "Feature", "properties": { "point_id": 6253, "best_station_bike": 5783, "t_bike_min": 22.6, "distance_m": 3745.03, "by_mode": { "BICYCLE": { "distance_m": 3745.03, "duration_min": 22.6 } }, "n_metro_15min_bike": 0, "n_metro_30min_bike": 7 }, "geometry": { "type": "Point", "coordinates": [ -8.682449814749644, 41.216732597884338 ] } },
{ "type": "Feature", "properties": { "point_id": 6254, "best_station_bike": 5736, "t_bike_min": 20.32, "distance_m": 2572.55, "by_mode": { "BICYCLE": { "distance_m": 2572.55, "duration_min": 20.32 } }, "n_metro_15min_bike": 0, "n_metro_30min_bike": 9 }, "geometry": { "type": "Point", "coordinates": [ -8.672123114306826, 41.216781397693047 ] } },
{ "type": "Feature", "properties": { "point_id": 6255, "best_station_bike": 5736, "t_bike_min": 9.77, "distance_m": 1195.47, "by_mode": { "BICYCLE": { "distance_m": 1195.47, "duration_min": 9.77 } }, "n_metro_15min_bike": 1, "n_metro_30min_bike": 6 }, "geometry": { "type": "Point", "coordinates": [ -8.661796388713679, 41.216829271514314 ] } },
{ "type": "Feature", "properties": { "point_id": 6256, "best_station_bike": 5736, "t_bike_min": 10.58, "distance_m": 1336.33, "by_mode": { "BICYCLE": { "distance_m": 1336.33, "duration_min": 10.58 } }, "n_metro_15min_bike": 3, "n_metro_30min_bike": 10 }, "geometry": { "type": "Point", "coordinates": [ -8.651469638451935, 41.216876219341735 ] } },
{ "type": "Feature", "properties": { "point_id": 6257, "best_station_bike": 5754, "t_bike_min": 2.2, "distance_m": 109.37, "by_mode": { "BICYCLE": { "distance_m": 109.37, "duration_min": 2.2 } }, "n_metro_15min_bike": 2, "n_metro_30min_bike": 11 }, "geometry": { "type": "Point", "coordinates": [ -8.641142864003346, 41.216922241169009 ] } },
{ "type": "Feature", "properties": { "point_id": 6258, "best_station_bike": 5754, "t_bike_min": 9.38, "distance_m": 1414.88, "by_mode": { "BICYCLE": { "distance_m": 1414.88, "duration_min": 9.38 } }, "n_metro_15min_bike": 2, "n_metro_30min_bike": 11 }, "geometry": { "type": "Point", "coordinates": [ -8.630816065849659, 41.216967336989988 ] } },
{ "type": "Feature", "properties": { "point_id": 6259, "best_station_bike": 5763, "t_bike_min": 25.42, "distance_m": 3429.97, "by_mode": { "BICYCLE": { "distance_m": 3429.97, "duration_min": 25.42 } }, "n_metro_15min_bike": 0, "n_metro_30min_bike": 2 }, "geometry": { "type": "Point", "coordinates": [ -8.620489244472637, 41.217011506798642 ] } },
{ "type": "Feature", "properties": { "point_id": 6260, "best_station_bike": 5763, "t_bike_min": 20.37, "distance_m": 3366.88, "by_mode": { "BICYCLE": { "distance_m": 3366.88, "duration_min": 20.37 } }, "n_metro_15min_bike": 0, "n_metro_30min_bike": 3 }, "geometry": { "type": "Point", "coordinates": [ -8.610162400354044, 41.21705475058905 ] } },
{ "type": "Feature", "properties": { "point_id": 6261, "best_station_bike": 5763, "t_bike_min": 23.05, "distance_m": 3682.61, "by_mode": { "BICYCLE": { "distance_m": 3682.61, "duration_min": 23.05 } }, "n_metro_15min_bike": 0, "n_metro_30min_bike": 2 }, "geometry": { "type": "Point", "coordinates": [ -8.599835533975652, 41.21709706835545 ] } },
{ "type": "Feature", "properties": { "point_id": 6262, "best_station_bike": 5763, "t_bike_min": 29.0, "distance_m": 4908.49, "by_mode": { "BICYCLE": { "distance_m": 4908.49, "duration_min": 29.0 } }, "n_metro_15min_bike": 0, "n_metro_30min_bike": 1 }, "geometry": { "type": "Point", "coordinates": [ -8.589508645819242, 41.217138460092144 ] } },
{ "type": "Feature", "properties": { "point_id": 6267, "best_station_bike": 5702, "t_bike_min": 26.57, "distance_m": 4997.81, "by_mode": { "BICYCLE": { "distance_m": 4997.81, "duration_min": 26.57 } }, "n_metro_15min_bike": 0, "n_metro_30min_bike": 4 }, "geometry": { "type": "Point", "coordinates": [ -8.53787389522962, 41.217331528140811 ] } },
{ "type": "Feature", "properties": { "point_id": 6332, "best_station_bike": 5716, "t_bike_min": 27.95, "distance_m": 5387.2, "by_mode": { "BICYCLE": { "distance_m": 5387.2, "duration_min": 27.95 } }, "n_metro_15min_bike": 0, "n_metro_30min_bike": 2 }, "geometry": { "type": "Point", "coordinates": [ -8.708325617894088, 41.223359424352616 ] } },
{ "type": "Feature", "properties": { "point_id": 6333, "best_station_bike": 5716, "t_bike_min": 23.45, "distance_m": 4834.43, "by_mode": { "BICYCLE": { "distance_m": 4834.43, "duration_min": 23.45 } }, "n_metro_15min_bike": 0, "n_metro_30min_bike": 6 }, "geometry": { "type": "Point", "coordinates": [ -8.69799792029565, 41.223410551176777 ] } },
{ "type": "Feature", "properties": { "point_id": 6334, "best_station_bike": 5783, "t_bike_min": 19.37, "distance_m": 3018.84, "by_mode": { "BICYCLE": { "distance_m": 3018.84, "duration_min": 19.37 } }, "n_metro_15min_bike": 0, "n_metro_30min_bike": 8 }, "geometry": { "type": "Point", "coordinates": [ -8.687670196332311, 41.223460751811309 ] } },
{ "type": "Feature", "properties": { "point_id": 6335, "best_station_bike": 5783, "t_bike_min": 13.77, "distance_m": 2549.3, "by_mode": { "BICYCLE": { "distance_m": 2549.3, "duration_min": 13.77 } }, "n_metro_15min_bike": 2, "n_metro_30min_bike": 9 }, "geometry": { "type": "Point", "coordinates": [ -8.677342446485969, 41.223510026249485 ] } },
{ "type": "Feature", "properties": { "point_id": 6336, "best_station_bike": 5733, "t_bike_min": 17.17, "distance_m": 2296.44, "by_mode": { "BICYCLE": { "distance_m": 2296.44, "duration_min": 17.17 } }, "n_metro_15min_bike": 0, "n_metro_30min_bike": 8 }, "geometry": { "type": "Point", "coordinates": [ -8.667014671238547, 41.223558374484725 ] } },
{ "type": "Feature", "properties": { "point_id": 6337, "best_station_bike": 5733, "t_bike_min": 8.07, "distance_m": 1386.42, "by_mode": { "BICYCLE": { "distance_m": 1386.42, "duration_min": 8.07 } }, "n_metro_15min_bike": 3, "n_metro_30min_bike": 12 }, "geometry": { "type": "Point", "coordinates": [ -8.656686871071964, 41.223605796510547 ] } },
{ "type": "Feature", "properties": { "point_id": 6338, "best_station_bike": 5757, "t_bike_min": 8.77, "distance_m": 751.92, "by_mode": { "BICYCLE": { "distance_m": 751.92, "duration_min": 8.77 } }, "n_metro_15min_bike": 3, "n_metro_30min_bike": 10 }, "geometry": { "type": "Point", "coordinates": [ -8.646359046468145, 41.223652292320608 ] } },
{ "type": "Feature", "properties": { "point_id": 6339, "best_station_bike": 5757, "t_bike_min": 8.27, "distance_m": 624.15, "by_mode": { "BICYCLE": { "distance_m": 624.15, "duration_min": 8.27 } }, "n_metro_15min_bike": 2, "n_metro_30min_bike": 8 }, "geometry": { "type": "Point", "coordinates": [ -8.636031197909032, 41.22369786190869 ] } },
{ "type": "Feature", "properties": { "point_id": 6340, "best_station_bike": 5763, "t_bike_min": 12.75, "distance_m": 1657.65, "by_mode": { "BICYCLE": { "distance_m": 1657.65, "duration_min": 12.75 } }, "n_metro_15min_bike": 1, "n_metro_30min_bike": 6 }, "geometry": { "type": "Point", "coordinates": [ -8.625703325876563, 41.223742505268689 ] } },
{ "type": "Feature", "properties": { "point_id": 6341, "best_station_bike": 5763, "t_bike_min": 11.15, "distance_m": 1721.8, "by_mode": { "BICYCLE": { "distance_m": 1721.8, "duration_min": 11.15 } }, "n_metro_15min_bike": 2, "n_metro_30min_bike": 5 }, "geometry": { "type": "Point", "coordinates": [ -8.615375430852692, 41.223786222394629 ] } },
{ "type": "Feature", "properties": { "point_id": 6342, "best_station_bike": 5763, "t_bike_min": 17.68, "distance_m": 2577.32, "by_mode": { "BICYCLE": { "distance_m": 2577.32, "duration_min": 17.68 } }, "n_metro_15min_bike": 0, "n_metro_30min_bike": 3 }, "geometry": { "type": "Point", "coordinates": [ -8.605047513319374, 41.223829013280664 ] } },
{ "type": "Feature", "properties": { "point_id": 6415, "best_station_bike": 5716, "t_bike_min": 29.8, "distance_m": 5730.27, "by_mode": { "BICYCLE": { "distance_m": 5730.27, "duration_min": 29.8 } }, "n_metro_15min_bike": 0, "n_metro_30min_bike": 1 }, "geometry": { "type": "Point", "coordinates": [ -8.703220426538222, 41.230137978730767 ] } },
{ "type": "Feature", "properties": { "point_id": 6416, "best_station_bike": 5783, "t_bike_min": 22.3, "distance_m": 3740.82, "by_mode": { "BICYCLE": { "distance_m": 3740.82, "duration_min": 22.3 } }, "n_metro_15min_bike": 0, "n_metro_30min_bike": 4 }, "geometry": { "type": "Point", "coordinates": [ -8.692891653191513, 41.230188654429682 ] } },
{ "type": "Feature", "properties": { "point_id": 6417, "best_station_bike": 5783, "t_bike_min": 16.62, "distance_m": 2861.85, "by_mode": { "BICYCLE": { "distance_m": 2861.85, "duration_min": 16.62 } }, "n_metro_15min_bike": 0, "n_metro_30min_bike": 8 }, "geometry": { "type": "Point", "coordinates": [ -8.682562853710678, 41.230238403716797 ] } },
{ "type": "Feature", "properties": { "point_id": 6418, "best_station_bike": 5783, "t_bike_min": 6.43, "distance_m": 1140.76, "by_mode": { "BICYCLE": { "distance_m": 1140.76, "duration_min": 6.43 } }, "n_metro_15min_bike": 3, "n_metro_30min_bike": 10 }, "geometry": { "type": "Point", "coordinates": [ -8.672234028577817, 41.230287226585482 ] } },
{ "type": "Feature", "properties": { "point_id": 6419, "best_station_bike": 5783, "t_bike_min": 6.07, "distance_m": 961.64, "by_mode": { "BICYCLE": { "distance_m": 961.64, "duration_min": 6.07 } }, "n_metro_15min_bike": 3, "n_metro_30min_bike": 11 }, "geometry": { "type": "Point", "coordinates": [ -8.661905178275033, 41.230335123029164 ] } },
{ "type": "Feature", "properties": { "point_id": 6420, "best_station_bike": 5733, "t_bike_min": 8.15, "distance_m": 1028.05, "by_mode": { "BICYCLE": { "distance_m": 1028.05, "duration_min": 8.15 } }, "n_metro_15min_bike": 2, "n_metro_30min_bike": 10 }, "geometry": { "type": "Point", "coordinates": [ -8.65157630328444, 41.23038209304147 ] } },
{ "type": "Feature", "properties": { "point_id": 6421, "best_station_bike": 5733, "t_bike_min": 15.33, "distance_m": 2423.96, "by_mode": { "BICYCLE": { "distance_m": 2423.96, "duration_min": 15.33 } }, "n_metro_15min_bike": 0, "n_metro_30min_bike": 7 }, "geometry": { "type": "Point", "coordinates": [ -8.641247404088158, 41.230428136616084 ] } },
{ "type": "Feature", "properties": { "point_id": 6422, "best_station_bike": 5763, "t_bike_min": 11.17, "distance_m": 897.81, "by_mode": { "BICYCLE": { "distance_m": 897.81, "duration_min": 11.17 } }, "n_metro_15min_bike": 2, "n_metro_30min_bike": 9 }, "geometry": { "type": "Point", "coordinates": [ -8.630918481168315, 41.230473253746858 ] } },
{ "type": "Feature", "properties": { "point_id": 6423, "best_station_bike": 5763, "t_bike_min": 7.13, "distance_m": 1248.37, "by_mode": { "BICYCLE": { "distance_m": 1248.37, "duration_min": 7.13 } }, "n_metro_15min_bike": 3, "n_metro_30min_bike": 9 }, "geometry": { "type": "Point", "coordinates": [ -8.620589535007046, 41.230517444427747 ] } },
{ "type": "Feature", "properties": { "point_id": 6424, "best_station_bike": 5763, "t_bike_min": 22.03, "distance_m": 2517.18, "by_mode": { "BICYCLE": { "distance_m": 2517.18, "duration_min": 22.03 } }, "n_metro_15min_bike": 0, "n_metro_30min_bike": 3 }, "geometry": { "type": "Point", "coordinates": [ -8.610260566086488, 41.230560708652831 ] } },
{ "type": "Feature", "properties": { "point_id": 6425, "best_station_bike": 5763, "t_bike_min": 24.28, "distance_m": 3515.23, "by_mode": { "BICYCLE": { "distance_m": 3515.23, "duration_min": 24.28 } }, "n_metro_15min_bike": 0, "n_metro_30min_bike": 2 }, "geometry": { "type": "Point", "coordinates": [ -8.599931574888796, 41.230603046416334 ] } },
{ "type": "Feature", "properties": { "point_id": 6426, "best_station_bike": 5760, "t_bike_min": 27.37, "distance_m": 3994.71, "by_mode": { "BICYCLE": { "distance_m": 3994.71, "duration_min": 27.37 } }, "n_metro_15min_bike": 0, "n_metro_30min_bike": 2 }, "geometry": { "type": "Point", "coordinates": [ -8.589602561896116, 41.230644457712579 ] } },
{ "type": "Feature", "properties": { "point_id": 6498, "best_station_bike": 5739, "t_bike_min": 29.68, "distance_m": 5464.39, "by_mode": { "BICYCLE": { "distance_m": 5464.39, "duration_min": 29.68 } }, "n_metro_15min_bike": 0, "n_metro_30min_bike": 1 }, "geometry": { "type": "Point", "coordinates": [ -8.708444008770106, 41.236865154589474 ] } },
{ "type": "Feature", "properties": { "point_id": 6499, "best_station_bike": 5739, "t_bike_min": 27.58, "distance_m": 4892.32, "by_mode": { "BICYCLE": { "distance_m": 4892.32, "duration_min": 27.58 } }, "n_metro_15min_bike": 0, "n_metro_30min_bike": 2 }, "geometry": { "type": "Point", "coordinates": [ -8.698114185809255, 41.236916305572329 ] } },
{ "type": "Feature", "properties": { "point_id": 6500, "best_station_bike": 5783, "t_bike_min": 16.28, "distance_m": 2881.48, "by_mode": { "BICYCLE": { "distance_m": 2881.48, "duration_min": 16.28 } }, "n_metro_15min_bike": 0, "n_metro_30min_bike": 7 }, "geometry": { "type": "Point", "coordinates": [ -8.687784336462961, 41.236966529927933 ] } },
{ "type": "Feature", "properties": { "point_id": 6501, "best_station_bike": 5783, "t_bike_min": 12.55, "distance_m": 2063.41, "by_mode": { "BICYCLE": { "distance_m": 2063.41, "duration_min": 12.55 } }, "n_metro_15min_bike": 2, "n_metro_30min_bike": 6 }, "geometry": { "type": "Point", "coordinates": [ -8.6774544612135, 41.237015827649579 ] } },
{ "type": "Feature", "properties": { "point_id": 6502, "best_station_bike": 5783, "t_bike_min": 2.65, "distance_m": 408.86, "by_mode": { "BICYCLE": { "distance_m": 408.86, "duration_min": 2.65 } }, "n_metro_15min_bike": 5, "n_metro_30min_bike": 10 }, "geometry": { "type": "Point", "coordinates": [ -8.667124560543169, 41.237064198730643 ] } },
{ "type": "Feature", "properties": { "point_id": 6503, "best_station_bike": 5750, "t_bike_min": 3.03, "distance_m": 62.34, "by_mode": { "BICYCLE": { "distance_m": 62.34, "duration_min": 3.03 } }, "n_metro_15min_bike": 2, "n_metro_30min_bike": 8 }, "geometry": { "type": "Point", "coordinates": [ -8.656794634934259, 41.237111643164688 ] } },
{ "type": "Feature", "properties": { "point_id": 6504, "best_station_bike": 5733, "t_bike_min": 9.82, "distance_m": 1364.7, "by_mode": { "BICYCLE": { "distance_m": 1364.7, "duration_min": 9.82 } }, "n_metro_15min_bike": 2, "n_metro_30min_bike": 9 }, "geometry": { "type": "Point", "coordinates": [ -8.646464684869079, 41.23715816094532 ] } },
{ "type": "Feature", "properties": { "point_id": 6505, "best_station_bike": 5765, "t_bike_min": 15.47, "distance_m": 1349.18, "by_mode": { "BICYCLE": { "distance_m": 1349.18, "duration_min": 15.47 } }, "n_metro_15min_bike": 0, "n_metro_30min_bike": 9 }, "geometry": { "type": "Point", "coordinates": [ -8.636134710829939, 41.237203752066343 ] } },
{ "type": "Feature", "properties": { "point_id": 6506, "best_station_bike": 5760, "t_bike_min": 3.65, "distance_m": 413.79, "by_mode": { "BICYCLE": { "distance_m": 413.79, "duration_min": 3.65 } }, "n_metro_15min_bike": 2, "n_metro_30min_bike": 10 }, "geometry": { "type": "Point", "coordinates": [ -8.625804713299154, 41.237248416521638 ] } },
{ "type": "Feature", "properties": { "point_id": 6507, "best_station_bike": 5760, "t_bike_min": 13.05, "distance_m": 1628.67, "by_mode": { "BICYCLE": { "distance_m": 1628.67, "duration_min": 13.05 } }, "n_metro_15min_bike": 1, "n_metro_30min_bike": 6 }, "geometry": { "type": "Point", "coordinates": [ -8.615474692759056, 41.237292154305251 ] } },
{ "type": "Feature", "properties": { "point_id": 6508, "best_station_bike": 5760, "t_bike_min": 16.75, "distance_m": 2381.63, "by_mode": { "BICYCLE": { "distance_m": 2381.63, "duration_min": 16.75 } }, "n_metro_15min_bike": 0, "n_metro_30min_bike": 6 }, "geometry": { "type": "Point", "coordinates": [ -8.605144649691972, 41.237334965411293 ] } },
{ "type": "Feature", "properties": { "point_id": 6509, "best_station_bike": 5760, "t_bike_min": 24.13, "distance_m": 3461.26, "by_mode": { "BICYCLE": { "distance_m": 3461.26, "duration_min": 24.13 } }, "n_metro_15min_bike": 0, "n_metro_30min_bike": 3 }, "geometry": { "type": "Point", "coordinates": [ -8.594814584580243, 41.23737684983405 ] } },
{ "type": "Feature", "properties": { "point_id": 6582, "best_station_bike": 5739, "t_bike_min": 28.77, "distance_m": 5088.45, "by_mode": { "BICYCLE": { "distance_m": 5088.45, "duration_min": 28.77 } }, "n_metro_15min_bike": 0, "n_metro_30min_bike": 3 }, "geometry": { "type": "Point", "coordinates": [ -8.703337794667725, 41.243643705072081 ] } },
{ "type": "Feature", "properties": { "point_id": 6583, "best_station_bike": 5739, "t_bike_min": 22.35, "distance_m": 4005.78, "by_mode": { "BICYCLE": { "distance_m": 4005.78, "duration_min": 22.35 } }, "n_metro_15min_bike": 0, "n_metro_30min_bike": 6 }, "geometry": { "type": "Point", "coordinates": [ -8.693006895225009, 41.24369440471574 ] } },
{ "type": "Feature", "properties": { "point_id": 6584, "best_station_bike": 5739, "t_bike_min": 16.62, "distance_m": 2837.5, "by_mode": { "BICYCLE": { "distance_m": 2837.5, "duration_min": 16.62 } }, "n_metro_15min_bike": 0, "n_metro_30min_bike": 7 }, "geometry": { "type": "Point", "coordinates": [ -8.682675969627804, 41.243744177509924 ] } },
{ "type": "Feature", "properties": { "point_id": 6585, "best_station_bike": 5783, "t_bike_min": 5.9, "distance_m": 1142.88, "by_mode": { "BICYCLE": { "distance_m": 1142.88, "duration_min": 5.9 } }, "n_metro_15min_bike": 6, "n_metro_30min_bike": 9 }, "geometry": { "type": "Point", "coordinates": [ -8.67234501835858, 41.243793023447935 ] } },
{ "type": "Feature", "properties": { "point_id": 6586, "best_station_bike": 5744, "t_bike_min": 6.37, "distance_m": 758.77, "by_mode": { "BICYCLE": { "distance_m": 758.77, "duration_min": 6.37 } }, "n_metro_15min_bike": 5, "n_metro_30min_bike": 9 }, "geometry": { "type": "Point", "coordinates": [ -8.662014041899823, 41.243840942523263 ] } },
{ "type": "Feature", "properties": { "point_id": 6587, "best_station_bike": 5744, "t_bike_min": 10.58, "distance_m": 1190.99, "by_mode": { "BICYCLE": { "distance_m": 1190.99, "duration_min": 10.58 } }, "n_metro_15min_bike": 4, "n_metro_30min_bike": 12 }, "geometry": { "type": "Point", "coordinates": [ -8.651683040734017, 41.243887934729464 ] } },
{ "type": "Feature", "properties": { "point_id": 6588, "best_station_bike": 5765, "t_bike_min": 15.22, "distance_m": 2027.17, "by_mode": { "BICYCLE": { "distance_m": 2027.17, "duration_min": 15.22 } }, "n_metro_15min_bike": 0, "n_metro_30min_bike": 15 }, "geometry": { "type": "Point", "coordinates": [ -8.641352015343662, 41.243934000060264 ] } },
{ "type": "Feature", "properties": { "point_id": 6589, "best_station_bike": 5765, "t_bike_min": 5.73, "distance_m": 623.63, "by_mode": { "BICYCLE": { "distance_m": 623.63, "duration_min": 5.73 } }, "n_metro_15min_bike": 3, "n_metro_30min_bike": 10 }, "geometry": { "type": "Point", "coordinates": [ -8.631020966211258, 41.243979138509502 ] } },
{ "type": "Feature", "properties": { "point_id": 6590, "best_station_bike": 5760, "t_bike_min": 10.82, "distance_m": 1565.66, "by_mode": { "BICYCLE": { "distance_m": 1565.66, "duration_min": 10.82 } }, "n_metro_15min_bike": 3, "n_metro_30min_bike": 8 }, "geometry": { "type": "Point", "coordinates": [ -8.620689893819316, 41.244023350071117 ] } },
{ "type": "Feature", "properties": { "point_id": 6591, "best_station_bike": 5760, "t_bike_min": 19.0, "distance_m": 2432.75, "by_mode": { "BICYCLE": { "distance_m": 2432.75, "duration_min": 19.0 } }, "n_metro_15min_bike": 0, "n_metro_30min_bike": 6 }, "geometry": { "type": "Point", "coordinates": [ -8.610358798650354, 41.244066634739205 ] } },
{ "type": "Feature", "properties": { "point_id": 6592, "best_station_bike": 5760, "t_bike_min": 23.55, "distance_m": 3257.42, "by_mode": { "BICYCLE": { "distance_m": 3257.42, "duration_min": 23.55 } }, "n_metro_15min_bike": 0, "n_metro_30min_bike": 6 }, "geometry": { "type": "Point", "coordinates": [ -8.600027681186896, 41.244108992507947 ] } },
{ "type": "Feature", "properties": { "point_id": 6665, "best_station_bike": 5739, "t_bike_min": 29.47, "distance_m": 5130.74, "by_mode": { "BICYCLE": { "distance_m": 5130.74, "duration_min": 29.47 } }, "n_metro_15min_bike": 0, "n_metro_30min_bike": 2 }, "geometry": { "type": "Point", "coordinates": [ -8.708562480249292, 41.250370852761662 ] } },
{ "type": "Feature", "properties": { "point_id": 6666, "best_station_bike": 5739, "t_bike_min": 23.4, "distance_m": 3957.36, "by_mode": { "BICYCLE": { "distance_m": 3957.36, "duration_min": 23.4 } }, "n_metro_15min_bike": 0, "n_metro_30min_bike": 6 }, "geometry": { "type": "Point", "coordinates": [ -8.698230530479202, 41.250422027913032 ] } },
{ "type": "Feature", "properties": { "point_id": 6667, "best_station_bike": 5739, "t_bike_min": 15.4, "distance_m": 2740.16, "by_mode": { "BICYCLE": { "distance_m": 2740.16, "duration_min": 15.4 } }, "n_metro_15min_bike": 0, "n_metro_30min_bike": 8 }, "geometry": { "type": "Point", "coordinates": [ -8.687898554303109, 41.250472275999371 ] } },
{ "type": "Feature", "properties": { "point_id": 6668, "best_station_bike": 5739, "t_bike_min": 10.2, "distance_m": 1624.14, "by_mode": { "BICYCLE": { "distance_m": 1624.14, "duration_min": 10.2 } }, "n_metro_15min_bike": 3, "n_metro_30min_bike": 7 }, "geometry": { "type": "Point", "coordinates": [ -8.677566552203661, 41.250521597013936 ] } },
{ "type": "Feature", "properties": { "point_id": 6669, "best_station_bike": 5739, "t_bike_min": 5.22, "distance_m": 673.91, "by_mode": { "BICYCLE": { "distance_m": 673.91, "duration_min": 5.22 } }, "n_metro_15min_bike": 5, "n_metro_30min_bike": 7 }, "geometry": { "type": "Point", "coordinates": [ -8.667234524663527, 41.250569990950154 ] } },
{ "type": "Feature", "properties": { "point_id": 6670, "best_station_bike": 5744, "t_bike_min": 6.65, "distance_m": 832.34, "by_mode": { "BICYCLE": { "distance_m": 832.34, "duration_min": 6.65 } }, "n_metro_15min_bike": 4, "n_metro_30min_bike": 11 }, "geometry": { "type": "Point", "coordinates": [ -8.656902472165379, 41.250617457801518 ] } },
{ "type": "Feature", "properties": { "point_id": 6671, "best_station_bike": 5744, "t_bike_min": 13.9, "distance_m": 2132.15, "by_mode": { "BICYCLE": { "distance_m": 2132.15, "duration_min": 13.9 } }, "n_metro_15min_bike": 2, "n_metro_30min_bike": 15 }, "geometry": { "type": "Point", "coordinates": [ -8.646570395191901, 41.250663997561666 ] } },
{ "type": "Feature", "properties": { "point_id": 6672, "best_station_bike": 5765, "t_bike_min": 12.73, "distance_m": 1971.46, "by_mode": { "BICYCLE": { "distance_m": 1971.46, "duration_min": 12.73 } }, "n_metro_15min_bike": 1, "n_metro_30min_bike": 15 }, "geometry": { "type": "Point", "coordinates": [ -8.636238294225777, 41.250709610224405 ] } },
{ "type": "Feature", "properties": { "point_id": 6673, "best_station_bike": 5765, "t_bike_min": 10.9, "distance_m": 1506.4, "by_mode": { "BICYCLE": { "distance_m": 1506.4, "duration_min": 10.9 } }, "n_metro_15min_bike": 1, "n_metro_30min_bike": 10 }, "geometry": { "type": "Point", "coordinates": [ -8.625906169749701, 41.250754295783601 ] } },
{ "type": "Feature", "properties": { "point_id": 6674, "best_station_bike": 5756, "t_bike_min": 13.6, "distance_m": 2078.15, "by_mode": { "BICYCLE": { "distance_m": 2078.15, "duration_min": 13.6 } }, "n_metro_15min_bike": 3, "n_metro_30min_bike": 6 }, "geometry": { "type": "Point", "coordinates": [ -8.615574022246378, 41.250798054233265 ] } },
{ "type": "Feature", "properties": { "point_id": 6675, "best_station_bike": 5756, "t_bike_min": 19.67, "distance_m": 2619.27, "by_mode": { "BICYCLE": { "distance_m": 2619.27, "duration_min": 19.67 } }, "n_metro_15min_bike": 0, "n_metro_30min_bike": 5 }, "geometry": { "type": "Point", "coordinates": [ -8.60524185219851, 41.250840885567548 ] } },
{ "type": "Feature", "properties": { "point_id": 6676, "best_station_bike": 5760, "t_bike_min": 27.63, "distance_m": 4233.05, "by_mode": { "BICYCLE": { "distance_m": 4233.05, "duration_min": 27.63 } }, "n_metro_15min_bike": 0, "n_metro_30min_bike": 5 }, "geometry": { "type": "Point", "coordinates": [ -8.594909660088819, 41.250882789780704 ] } },
{ "type": "Feature", "properties": { "point_id": 6746, "best_station_bike": 5743, "t_bike_min": 29.08, "distance_m": 4759.05, "by_mode": { "BICYCLE": { "distance_m": 4759.05, "duration_min": 29.08 } }, "n_metro_15min_bike": 0, "n_metro_30min_bike": 1 }, "geometry": { "type": "Point", "coordinates": [ -8.722008077575214, 41.257081651531422 ] } },
{ "type": "Feature", "properties": { "point_id": 6747, "best_station_bike": 5743, "t_bike_min": 27.65, "distance_m": 4735.02, "by_mode": { "BICYCLE": { "distance_m": 4735.02, "duration_min": 27.65 } }, "n_metro_15min_bike": 0, "n_metro_30min_bike": 2 }, "geometry": { "type": "Point", "coordinates": [ -8.713788243036507, 41.257097748473825 ] } },
{ "type": "Feature", "properties": { "point_id": 6748, "best_station_bike": 5753, "t_bike_min": 27.33, "distance_m": 4688.77, "by_mode": { "BICYCLE": { "distance_m": 4688.77, "duration_min": 27.33 } }, "n_metro_15min_bike": 0, "n_metro_30min_bike": 4 }, "geometry": { "type": "Point", "coordinates": [ -8.703455242708106, 41.257149399352585 ] } },
{ "type": "Feature", "properties": { "point_id": 6749, "best_station_bike": 5753, "t_bike_min": 18.17, "distance_m": 3005.84, "by_mode": { "BICYCLE": { "distance_m": 3005.84, "duration_min": 18.17 } }, "n_metro_15min_bike": 0, "n_metro_30min_bike": 7 }, "geometry": { "type": "Point", "coordinates": [ -8.693122215721983, 41.257200122950763 ] } },
{ "type": "Feature", "properties": { "point_id": 6750, "best_station_bike": 5753, "t_bike_min": 9.65, "distance_m": 1685.45, "by_mode": { "BICYCLE": { "distance_m": 1685.45, "duration_min": 9.65 } }, "n_metro_15min_bike": 2, "n_metro_30min_bike": 8 }, "geometry": { "type": "Point", "coordinates": [ -8.682789162560985, 41.257249919261554 ] } },
{ "type": "Feature", "properties": { "point_id": 6751, "best_station_bike": 5739, "t_bike_min": 11.72, "distance_m": 1790.15, "by_mode": { "BICYCLE": { "distance_m": 1790.15, "duration_min": 11.72 } }, "n_metro_15min_bike": 2, "n_metro_30min_bike": 7 }, "geometry": { "type": "Point", "coordinates": [ -8.672456083707957, 41.257298788278298 ] } },
{ "type": "Feature", "properties": { "point_id": 6752, "best_station_bike": 5739, "t_bike_min": 4.7, "distance_m": 866.85, "by_mode": { "BICYCLE": { "distance_m": 866.85, "duration_min": 4.7 } }, "n_metro_15min_bike": 4, "n_metro_30min_bike": 7 }, "geometry": { "type": "Point", "coordinates": [ -8.662122979645758, 41.25734672999446 ] } },
{ "type": "Feature", "properties": { "point_id": 6753, "best_station_bike": 5744, "t_bike_min": 12.25, "distance_m": 1941.73, "by_mode": { "BICYCLE": { "distance_m": 1941.73, "duration_min": 12.25 } }, "n_metro_15min_bike": 2, "n_metro_30min_bike": 13 }, "geometry": { "type": "Point", "coordinates": [ -8.651789850857256, 41.257393744403615 ] } },
{ "type": "Feature", "properties": { "point_id": 6754, "best_station_bike": 5744, "t_bike_min": 14.83, "distance_m": 2671.57, "by_mode": { "BICYCLE": { "distance_m": 2671.57, "duration_min": 14.83 } }, "n_metro_15min_bike": 2, "n_metro_30min_bike": 14 }, "geometry": { "type": "Point", "coordinates": [ -8.641456697825316, 41.257439831499461 ] } },
{ "type": "Feature", "properties": { "point_id": 6755, "best_station_bike": 5762, "t_bike_min": 15.03, "distance_m": 2062.72, "by_mode": { "BICYCLE": { "distance_m": 2062.72, "duration_min": 15.03 } }, "n_metro_15min_bike": 0, "n_metro_30min_bike": 11 }, "geometry": { "type": "Point", "coordinates": [ -8.631123521032821, 41.257484991275831 ] } },
{ "type": "Feature", "properties": { "point_id": 6756, "best_station_bike": 5762, "t_bike_min": 3.97, "distance_m": 789.29, "by_mode": { "BICYCLE": { "distance_m": 789.29, "duration_min": 3.97 } }, "n_metro_15min_bike": 4, "n_metro_30min_bike": 10 }, "geometry": { "type": "Point", "coordinates": [ -8.620790320962659, 41.257529223726671 ] } },
{ "type": "Feature", "properties": { "point_id": 6757, "best_station_bike": 5756, "t_bike_min": 9.65, "distance_m": 1383.61, "by_mode": { "BICYCLE": { "distance_m": 1383.61, "duration_min": 9.65 } }, "n_metro_15min_bike": 3, "n_metro_30min_bike": 6 }, "geometry": { "type": "Point", "coordinates": [ -8.610457098097719, 41.257572528846069 ] } },
{ "type": "Feature", "properties": { "point_id": 6758, "best_station_bike": 5761, "t_bike_min": 20.93, "distance_m": 3306.74, "by_mode": { "BICYCLE": { "distance_m": 3306.74, "duration_min": 20.93 } }, "n_metro_15min_bike": 0, "n_metro_30min_bike": 5 }, "geometry": { "type": "Point", "coordinates": [ -8.600123852920902, 41.257614906628213 ] } },
{ "type": "Feature", "properties": { "point_id": 6759, "best_station_bike": 5761, "t_bike_min": 23.23, "distance_m": 3883.07, "by_mode": { "BICYCLE": { "distance_m": 3883.07, "duration_min": 23.23 } }, "n_metro_15min_bike": 0, "n_metro_30min_bike": 3 }, "geometry": { "type": "Point", "coordinates": [ -8.589790585915116, 41.25765635706744 ] } },
{ "type": "Feature", "properties": { "point_id": 6827, "best_station_bike": 5743, "t_bike_min": 26.87, "distance_m": 4427.89, "by_mode": { "BICYCLE": { "distance_m": 4427.89, "duration_min": 26.87 } }, "n_metro_15min_bike": 0, "n_metro_30min_bike": 2 }, "geometry": { "type": "Point", "coordinates": [ -8.726173876400265, 41.264556978915756 ] } },
{ "type": "Feature", "properties": { "point_id": 6828, "best_station_bike": 5743, "t_bike_min": 23.85, "distance_m": 3847.19, "by_mode": { "BICYCLE": { "distance_m": 3847.19, "duration_min": 23.85 } }, "n_metro_15min_bike": 0, "n_metro_30min_bike": 2 }, "geometry": { "type": "Point", "coordinates": [ -8.719015083512112, 41.263824392041201 ] } },
{ "type": "Feature", "properties": { "point_id": 6829, "best_station_bike": 5753, "t_bike_min": 20.47, "distance_m": 3760.33, "by_mode": { "BICYCLE": { "distance_m": 3760.33, "duration_min": 20.47 } }, "n_metro_15min_bike": 0, "n_metro_30min_bike": 3 }, "geometry": { "type": "Point", "coordinates": [ -8.708681032394459, 41.263876518867072 ] } },
{ "type": "Feature", "properties": { "point_id": 6830, "best_station_bike": 5753, "t_bike_min": 15.73, "distance_m": 2699.39, "by_mode": { "BICYCLE": { "distance_m": 2699.39, "duration_min": 15.73 } }, "n_metro_15min_bike": 0, "n_metro_30min_bike": 4 }, "geometry": { "type": "Point", "coordinates": [ -8.698346954367185, 41.263927718196797 ] } },
{ "type": "Feature", "properties": { "point_id": 6831, "best_station_bike": 5753, "t_bike_min": 14.07, "distance_m": 2288.76, "by_mode": { "BICYCLE": { "distance_m": 2288.76, "duration_min": 14.07 } }, "n_metro_15min_bike": 1, "n_metro_30min_bike": 6 }, "geometry": { "type": "Point", "coordinates": [ -8.688012849913317, 41.263977990023527 ] } },
{ "type": "Feature", "properties": { "point_id": 6832, "best_station_bike": 5753, "t_bike_min": 8.15, "distance_m": 1172.68, "by_mode": { "BICYCLE": { "distance_m": 1172.68, "duration_min": 8.15 } }, "n_metro_15min_bike": 1, "n_metro_30min_bike": 5 }, "geometry": { "type": "Point", "coordinates": [ -8.677678719515884, 41.264027334340518 ] } },
{ "type": "Feature", "properties": { "point_id": 6833, "best_station_bike": 5753, "t_bike_min": 8.17, "distance_m": 1501.01, "by_mode": { "BICYCLE": { "distance_m": 1501.01, "duration_min": 8.17 } }, "n_metro_15min_bike": 2, "n_metro_30min_bike": 8 }, "geometry": { "type": "Point", "coordinates": [ -8.667344563657931, 41.264075751141171 ] } },
{ "type": "Feature", "properties": { "point_id": 6834, "best_station_bike": 5753, "t_bike_min": 11.98, "distance_m": 2375.97, "by_mode": { "BICYCLE": { "distance_m": 2375.97, "duration_min": 11.98 } }, "n_metro_15min_bike": 2, "n_metro_30min_bike": 10 }, "geometry": { "type": "Point", "coordinates": [ -8.657010382822506, 41.264123240418989 ] } },
{ "type": "Feature", "properties": { "point_id": 6835, "best_station_bike": 5753, "t_bike_min": 15.65, "distance_m": 3732.73, "by_mode": { "BICYCLE": { "distance_m": 3732.73, "duration_min": 15.65 } }, "n_metro_15min_bike": 0, "n_metro_30min_bike": 10 }, "geometry": { "type": "Point", "coordinates": [ -8.646676177492665, 41.264169802167629 ] } },
{ "type": "Feature", "properties": { "point_id": 6836, "best_station_bike": 5761, "t_bike_min": 10.85, "distance_m": 1999.43, "by_mode": { "BICYCLE": { "distance_m": 1999.43, "duration_min": 10.85 } }, "n_metro_15min_bike": 2, "n_metro_30min_bike": 11 }, "geometry": { "type": "Point", "coordinates": [ -8.636341948151475, 41.264215436380844 ] } },
{ "type": "Feature", "properties": { "point_id": 6837, "best_station_bike": 5761, "t_bike_min": 8.03, "distance_m": 1282.14, "by_mode": { "BICYCLE": { "distance_m": 1282.14, "duration_min": 8.03 } }, "n_metro_15min_bike": 2, "n_metro_30min_bike": 10 }, "geometry": { "type": "Point", "coordinates": [ -8.626007695282004, 41.264260143052503 ] } },
{ "type": "Feature", "properties": { "point_id": 6838, "best_station_bike": 5761, "t_bike_min": 5.43, "distance_m": 793.61, "by_mode": { "BICYCLE": { "distance_m": 793.61, "duration_min": 5.43 } }, "n_metro_15min_bike": 3, "n_metro_30min_bike": 6 }, "geometry": { "type": "Point", "coordinates": [ -8.615673419367329, 41.264303922176644 ] } },
{ "type": "Feature", "properties": { "point_id": 6839, "best_station_bike": 5761, "t_bike_min": 11.47, "distance_m": 1495.54, "by_mode": { "BICYCLE": { "distance_m": 1495.54, "duration_min": 11.47 } }, "n_metro_15min_bike": 1, "n_metro_30min_bike": 4 }, "geometry": { "type": "Point", "coordinates": [ -8.605339120890536, 41.264346773747413 ] } },
{ "type": "Feature", "properties": { "point_id": 6840, "best_station_bike": 5761, "t_bike_min": 19.55, "distance_m": 3383.22, "by_mode": { "BICYCLE": { "distance_m": 3383.22, "duration_min": 19.55 } }, "n_metro_15min_bike": 0, "n_metro_30min_bike": 3 }, "geometry": { "type": "Point", "coordinates": [ -8.595004800334715, 41.264388697759038 ] } },
{ "type": "Feature", "properties": { "point_id": 6841, "best_station_bike": 5761, "t_bike_min": 22.22, "distance_m": 4102.69, "by_mode": { "BICYCLE": { "distance_m": 4102.69, "duration_min": 22.22 } }, "n_metro_15min_bike": 0, "n_metro_30min_bike": 2 }, "geometry": { "type": "Point", "coordinates": [ -8.584670458182966, 41.264429694205923 ] } },
{ "type": "Feature", "properties": { "point_id": 6842, "best_station_bike": 5761, "t_bike_min": 29.8, "distance_m": 4961.85, "by_mode": { "BICYCLE": { "distance_m": 4961.85, "duration_min": 29.8 } }, "n_metro_15min_bike": 0, "n_metro_30min_bike": 1 }, "geometry": { "type": "Point", "coordinates": [ -8.57433609491839, 41.264469763082573 ] } },
{ "type": "Feature", "properties": { "point_id": 6909, "best_station_bike": 5743, "t_bike_min": 29.37, "distance_m": 4896.57, "by_mode": { "BICYCLE": { "distance_m": 4896.57, "duration_min": 29.37 } }, "n_metro_15min_bike": 0, "n_metro_30min_bike": 1 }, "geometry": { "type": "Point", "coordinates": [ -8.72898797894983, 41.270802514917705 ] } },
{ "type": "Feature", "properties": { "point_id": 6910, "best_station_bike": 5743, "t_bike_min": 28.43, "distance_m": 4744.16, "by_mode": { "BICYCLE": { "distance_m": 4744.16, "duration_min": 28.43 } }, "n_metro_15min_bike": 0, "n_metro_30min_bike": 1 }, "geometry": { "type": "Point", "coordinates": [ -8.723950921594863, 41.270612569700091 ] } },
{ "type": "Feature", "properties": { "point_id": 6911, "best_station_bike": 5743, "t_bike_min": 18.07, "distance_m": 2908.94, "by_mode": { "BICYCLE": { "distance_m": 2908.94, "duration_min": 18.07 } }, "n_metro_15min_bike": 0, "n_metro_30min_bike": 3 }, "geometry": { "type": "Point", "coordinates": [ -8.7139079000212, 41.270603386289139 ] } },
{ "type": "Feature", "properties": { "point_id": 6912, "best_station_bike": 5753, "t_bike_min": 21.38, "distance_m": 3326.52, "by_mode": { "BICYCLE": { "distance_m": 3326.52, "duration_min": 21.38 } }, "n_metro_15min_bike": 0, "n_metro_30min_bike": 2 }, "geometry": { "type": "Point", "coordinates": [ -8.703572770721653, 41.270655061570196 ] } },
{ "type": "Feature", "properties": { "point_id": 6913, "best_station_bike": 5753, "t_bike_min": 12.85, "distance_m": 1866.66, "by_mode": { "BICYCLE": { "distance_m": 1866.66, "duration_min": 12.85 } }, "n_metro_15min_bike": 1, "n_metro_30min_bike": 5 }, "geometry": { "type": "Point", "coordinates": [ -8.693237614743598, 41.270705809132622 ] } },
{ "type": "Feature", "properties": { "point_id": 6914, "best_station_bike": 5753, "t_bike_min": 6.78, "distance_m": 621.72, "by_mode": { "BICYCLE": { "distance_m": 621.72, "duration_min": 6.78 } }, "n_metro_15min_bike": 1, "n_metro_30min_bike": 4 }, "geometry": { "type": "Point", "coordinates": [ -8.682902432570257, 41.27075562896961 ] } },
{ "type": "Feature", "properties": { "point_id": 6915, "best_station_bike": 5753, "t_bike_min": 5.32, "distance_m": 1152.96, "by_mode": { "BICYCLE": { "distance_m": 1152.96, "duration_min": 5.32 } }, "n_metro_15min_bike": 1, "n_metro_30min_bike": 7 }, "geometry": { "type": "Point", "coordinates": [ -8.672567224684853, 41.270804521074488 ] } },
{ "type": "Feature", "properties": { "point_id": 6916, "best_station_bike": 5753, "t_bike_min": 9.3, "distance_m": 2255.67, "by_mode": { "BICYCLE": { "distance_m": 2255.67, "duration_min": 9.3 } }, "n_metro_15min_bike": 2, "n_metro_30min_bike": 9 }, "geometry": { "type": "Point", "coordinates": [ -8.662231991570621, 41.27085248544072 ] } },
{ "type": "Feature", "properties": { "point_id": 6917, "best_station_bike": 5753, "t_bike_min": 21.28, "distance_m": 4127.44, "by_mode": { "BICYCLE": { "distance_m": 4127.44, "duration_min": 21.28 } }, "n_metro_15min_bike": 0, "n_metro_30min_bike": 5 }, "geometry": { "type": "Point", "coordinates": [ -8.651896733710801, 41.27089952206186 ] } },
{ "type": "Feature", "properties": { "point_id": 6918, "best_station_bike": 5761, "t_bike_min": 15.8, "distance_m": 2630.17, "by_mode": { "BICYCLE": { "distance_m": 2630.17, "duration_min": 15.8 } }, "n_metro_15min_bike": 0, "n_metro_30min_bike": 8 }, "geometry": { "type": "Point", "coordinates": [ -8.641561451588643, 41.270945630931614 ] } },
{ "type": "Feature", "properties": { "point_id": 6919, "best_station_bike": 5761, "t_bike_min": 14.27, "distance_m": 2038.06, "by_mode": { "BICYCLE": { "distance_m": 2038.06, "duration_min": 14.27 } }, "n_metro_15min_bike": 1, "n_metro_30min_bike": 7 }, "geometry": { "type": "Point", "coordinates": [ -8.6312261456874, 41.270990812043813 ] } },
{ "type": "Feature", "properties": { "point_id": 6920, "best_station_bike": 5761, "t_bike_min": 3.82, "distance_m": 803.35, "by_mode": { "BICYCLE": { "distance_m": 803.35, "duration_min": 3.82 } }, "n_metro_15min_bike": 3, "n_metro_30min_bike": 5 }, "geometry": { "type": "Point", "coordinates": [ -8.620890816490336, 41.271035065392397 ] } },
{ "type": "Feature", "properties": { "point_id": 6921, "best_station_bike": 5761, "t_bike_min": 7.28, "distance_m": 1117.34, "by_mode": { "BICYCLE": { "distance_m": 1117.34, "duration_min": 7.28 } }, "n_metro_15min_bike": 2, "n_metro_30min_bike": 5 }, "geometry": { "type": "Point", "coordinates": [ -8.61055546448072, 41.271078390971432 ] } },
{ "type": "Feature", "properties": { "point_id": 6922, "best_station_bike": 5761, "t_bike_min": 11.4, "distance_m": 1832.96, "by_mode": { "BICYCLE": { "distance_m": 1832.96, "duration_min": 11.4 } }, "n_metro_15min_bike": 2, "n_metro_30min_bike": 4 }, "geometry": { "type": "Point", "coordinates": [ -8.600220090141828, 41.271120788775129 ] } },
{ "type": "Feature", "properties": { "point_id": 6923, "best_station_bike": 5761, "t_bike_min": 15.23, "distance_m": 2886.59, "by_mode": { "BICYCLE": { "distance_m": 2886.59, "duration_min": 15.23 } }, "n_metro_15min_bike": 0, "n_metro_30min_bike": 3 }, "geometry": { "type": "Point", "coordinates": [ -8.589884693956945, 41.271162258797794 ] } },
{ "type": "Feature", "properties": { "point_id": 6924, "best_station_bike": 5761, "t_bike_min": 21.23, "distance_m": 4431.38, "by_mode": { "BICYCLE": { "distance_m": 4431.38, "duration_min": 21.23 } }, "n_metro_15min_bike": 0, "n_metro_30min_bike": 2 }, "geometry": { "type": "Point", "coordinates": [ -8.579549276409356, 41.271202801033887 ] } },
{ "type": "Feature", "properties": { "point_id": 6991, "best_station_bike": 5743, "t_bike_min": 23.98, "distance_m": 3824.75, "by_mode": { "BICYCLE": { "distance_m": 3824.75, "duration_min": 23.98 } }, "n_metro_15min_bike": 0, "n_metro_30min_bike": 1 }, "geometry": { "type": "Point", "coordinates": [ -8.727534854817222, 41.277420242593159 ] } },
{ "type": "Feature", "properties": { "point_id": 6992, "best_station_bike": 5743, "t_bike_min": 16.08, "distance_m": 2846.88, "by_mode": { "BICYCLE": { "distance_m": 2846.88, "duration_min": 16.08 } }, "n_metro_15min_bike": 0, "n_metro_30min_bike": 5 }, "geometry": { "type": "Point", "coordinates": [ -8.719135846071435, 41.27733000145134 ] } },
{ "type": "Feature", "properties": { "point_id": 6993, "best_station_bike": 5743, "t_bike_min": 12.45, "distance_m": 1752.03, "by_mode": { "BICYCLE": { "distance_m": 1752.03, "duration_min": 12.45 } }, "n_metro_15min_bike": 1, "n_metro_30min_bike": 4 }, "geometry": { "type": "Point", "coordinates": [ -8.708799665268504, 41.277382152903549 ] } },
{ "type": "Feature", "properties": { "point_id": 6994, "best_station_bike": 5743, "t_bike_min": 10.47, "distance_m": 1124.68, "by_mode": { "BICYCLE": { "distance_m": 1124.68, "duration_min": 10.47 } }, "n_metro_15min_bike": 1, "n_metro_30min_bike": 4 }, "geometry": { "type": "Point", "coordinates": [ -8.698463457534965, 41.277433376421492 ] } },
{ "type": "Feature", "properties": { "point_id": 6995, "best_station_bike": 5753, "t_bike_min": 13.62, "distance_m": 2324.1, "by_mode": { "BICYCLE": { "distance_m": 2324.1, "duration_min": 13.62 } }, "n_metro_15min_bike": 1, "n_metro_30min_bike": 4 }, "geometry": { "type": "Point", "coordinates": [ -8.688127223354218, 41.277483671998276 ] } },
{ "type": "Feature", "properties": { "point_id": 6996, "best_station_bike": 5753, "t_bike_min": 6.32, "distance_m": 1081.01, "by_mode": { "BICYCLE": { "distance_m": 1081.01, "duration_min": 6.32 } }, "n_metro_15min_bike": 1, "n_metro_30min_bike": 6 }, "geometry": { "type": "Point", "coordinates": [ -8.677790963209677, 41.277533039627187 ] } },
{ "type": "Feature", "properties": { "point_id": 6997, "best_station_bike": 5753, "t_bike_min": 11.78, "distance_m": 1714.24, "by_mode": { "BICYCLE": { "distance_m": 1714.24, "duration_min": 11.78 } }, "n_metro_15min_bike": 1, "n_metro_30min_bike": 5 }, "geometry": { "type": "Point", "coordinates": [ -8.667454677584756, 41.277581479301595 ] } },
{ "type": "Feature", "properties": { "point_id": 6998, "best_station_bike": 5753, "t_bike_min": 15.73, "distance_m": 2911.67, "by_mode": { "BICYCLE": { "distance_m": 2911.67, "duration_min": 15.73 } }, "n_metro_15min_bike": 0, "n_metro_30min_bike": 4 }, "geometry": { "type": "Point", "coordinates": [ -8.657118366962884, 41.277628991015014 ] } },
{ "type": "Feature", "properties": { "point_id": 6999, "best_station_bike": 5753, "t_bike_min": 20.2, "distance_m": 3855.72, "by_mode": { "BICYCLE": { "distance_m": 3855.72, "duration_min": 20.2 } }, "n_metro_15min_bike": 0, "n_metro_30min_bike": 5 }, "geometry": { "type": "Point", "coordinates": [ -8.646782031827492, 41.277675574761069 ] } },
{ "type": "Feature", "properties": { "point_id": 7000, "best_station_bike": 5761, "t_bike_min": 17.93, "distance_m": 2999.66, "by_mode": { "BICYCLE": { "distance_m": 2999.66, "duration_min": 17.93 } }, "n_metro_15min_bike": 0, "n_metro_30min_bike": 7 }, "geometry": { "type": "Point", "coordinates": [ -8.636445672662022, 41.277721230533537 ] } },
{ "type": "Feature", "properties": { "point_id": 7001, "best_station_bike": 5761, "t_bike_min": 11.13, "distance_m": 2147.01, "by_mode": { "BICYCLE": { "distance_m": 2147.01, "duration_min": 11.13 } }, "n_metro_15min_bike": 1, "n_metro_30min_bike": 7 }, "geometry": { "type": "Point", "coordinates": [ -8.626109289949921, 41.277765958326299 ] } },
{ "type": "Feature", "properties": { "point_id": 7002, "best_station_bike": 5761, "t_bike_min": 10.6, "distance_m": 1655.12, "by_mode": { "BICYCLE": { "distance_m": 1655.12, "duration_min": 10.6 } }, "n_metro_15min_bike": 2, "n_metro_30min_bike": 3 }, "geometry": { "type": "Point", "coordinates": [ -8.615772884174643, 41.277809758133351 ] } },
{ "type": "Feature", "properties": { "point_id": 7003, "best_station_bike": 5761, "t_bike_min": 12.92, "distance_m": 2202.23, "by_mode": { "BICYCLE": { "distance_m": 2202.23, "duration_min": 12.92 } }, "n_metro_15min_bike": 1, "n_metro_30min_bike": 3 }, "geometry": { "type": "Point", "coordinates": [ -8.60543645581965, 41.277852629948832 ] } },
{ "type": "Feature", "properties": { "point_id": 7004, "best_station_bike": 5756, "t_bike_min": 25.52, "distance_m": 4107.85, "by_mode": { "BICYCLE": { "distance_m": 4107.85, "duration_min": 25.52 } }, "n_metro_15min_bike": 0, "n_metro_30min_bike": 3 }, "geometry": { "type": "Point", "coordinates": [ -8.595100005368407, 41.277894573766986 ] } },
{ "type": "Feature", "properties": { "point_id": 7005, "best_station_bike": 5761, "t_bike_min": 16.68, "distance_m": 3539.43, "by_mode": { "BICYCLE": { "distance_m": 3539.43, "duration_min": 16.68 } }, "n_metro_15min_bike": 0, "n_metro_30min_bike": 3 }, "geometry": { "type": "Point", "coordinates": [ -8.584763533304391, 41.277935589582206 ] } },
{ "type": "Feature", "properties": { "point_id": 7006, "best_station_bike": 5761, "t_bike_min": 27.85, "distance_m": 4961.85, "by_mode": { "BICYCLE": { "distance_m": 4961.85, "duration_min": 27.85 } }, "n_metro_15min_bike": 0, "n_metro_30min_bike": 1 }, "geometry": { "type": "Point", "coordinates": [ -8.574427040111084, 41.277975677388987 ] } },
{ "type": "Feature", "properties": { "point_id": 7071, "best_station_bike": 5743, "t_bike_min": 26.42, "distance_m": 4297.62, "by_mode": { "BICYCLE": { "distance_m": 4297.62, "duration_min": 26.42 } }, "n_metro_15min_bike": 0, "n_metro_30min_bike": 3 }, "geometry": { "type": "Point", "coordinates": [ -8.731090951086671, 41.284453514477939 ] } },
{ "type": "Feature", "properties": { "point_id": 7072, "best_station_bike": 5741, "t_bike_min": 20.6, "distance_m": 3511.95, "by_mode": { "BICYCLE": { "distance_m": 3511.95, "duration_min": 20.6 } }, "n_metro_15min_bike": 0, "n_metro_30min_bike": 5 }, "geometry": { "type": "Point", "coordinates": [ -8.724364871028465, 41.284056364186213 ] } },
{ "type": "Feature", "properties": { "point_id": 7073, "best_station_bike": 5743, "t_bike_min": 15.93, "distance_m": 2741.71, "by_mode": { "BICYCLE": { "distance_m": 2741.71, "duration_min": 15.93 } }, "n_metro_15min_bike": 0, "n_metro_30min_bike": 3 }, "geometry": { "type": "Point", "coordinates": [ -8.714027638491048, 41.284108992029466 ] } },
{ "type": "Feature", "properties": { "point_id": 7074, "best_station_bike": 5743, "t_bike_min": 10.35, "distance_m": 1332.95, "by_mode": { "BICYCLE": { "distance_m": 1332.95, "duration_min": 10.35 } }, "n_metro_15min_bike": 1, "n_metro_30min_bike": 4 }, "geometry": { "type": "Point", "coordinates": [ -8.703690378770727, 41.284160691722768 ] } },
{ "type": "Feature", "properties": { "point_id": 7075, "best_station_bike": 5743, "t_bike_min": 7.35, "distance_m": 462.27, "by_mode": { "BICYCLE": { "distance_m": 462.27, "duration_min": 7.35 } }, "n_metro_15min_bike": 2, "n_metro_30min_bike": 5 }, "geometry": { "type": "Point", "coordinates": [ -8.693353092351087, 41.284211463259219 ] } },
{ "type": "Feature", "properties": { "point_id": 7076, "best_station_bike": 5741, "t_bike_min": 15.38, "distance_m": 2354.84, "by_mode": { "BICYCLE": { "distance_m": 2354.84, "duration_min": 15.38 } }, "n_metro_15min_bike": 0, "n_metro_30min_bike": 6 }, "geometry": { "type": "Point", "coordinates": [ -8.683015779715726, 41.28426130663199 ] } },
{ "type": "Feature", "properties": { "point_id": 7077, "best_station_bike": 5753, "t_bike_min": 12.13, "distance_m": 2022.34, "by_mode": { "BICYCLE": { "distance_m": 2022.34, "duration_min": 12.13 } }, "n_metro_15min_bike": 1, "n_metro_30min_bike": 6 }, "geometry": { "type": "Point", "coordinates": [ -8.672678441348245, 41.284310221834417 ] } },
{ "type": "Feature", "properties": { "point_id": 7078, "best_station_bike": 5753, "t_bike_min": 14.12, "distance_m": 2399.57, "by_mode": { "BICYCLE": { "distance_m": 2399.57, "duration_min": 14.12 } }, "n_metro_15min_bike": 1, "n_metro_30min_bike": 5 }, "geometry": { "type": "Point", "coordinates": [ -8.662341077732256, 41.284358208859928 ] } },
{ "type": "Feature", "properties": { "point_id": 7079, "best_station_bike": 5753, "t_bike_min": 15.3, "distance_m": 3149.93, "by_mode": { "BICYCLE": { "distance_m": 3149.93, "duration_min": 15.3 } }, "n_metro_15min_bike": 0, "n_metro_30min_bike": 4 }, "geometry": { "type": "Point", "coordinates": [ -8.652003689351375, 41.284405267702112 ] } },
{ "type": "Feature", "properties": { "point_id": 7080, "best_station_bike": 5761, "t_bike_min": 24.35, "distance_m": 3926.3, "by_mode": { "BICYCLE": { "distance_m": 3926.3, "duration_min": 24.35 } }, "n_metro_15min_bike": 0, "n_metro_30min_bike": 3 }, "geometry": { "type": "Point", "coordinates": [ -8.641666276689229, 41.284451398354662 ] } },
{ "type": "Feature", "properties": { "point_id": 7081, "best_station_bike": 5761, "t_bike_min": 20.5, "distance_m": 3343.75, "by_mode": { "BICYCLE": { "distance_m": 3343.75, "duration_min": 20.5 } }, "n_metro_15min_bike": 0, "n_metro_30min_bike": 2 }, "geometry": { "type": "Point", "coordinates": [ -8.631328840229449, 41.284496600811366 ] } },
{ "type": "Feature", "properties": { "point_id": 7082, "best_station_bike": 5761, "t_bike_min": 12.5, "distance_m": 2734.55, "by_mode": { "BICYCLE": { "distance_m": 2734.55, "duration_min": 12.5 } }, "n_metro_15min_bike": 1, "n_metro_30min_bike": 3 }, "geometry": { "type": "Point", "coordinates": [ -8.620991380455674, 41.284540875066206 ] } },
{ "type": "Feature", "properties": { "point_id": 7083, "best_station_bike": 5761, "t_bike_min": 15.23, "distance_m": 2829.38, "by_mode": { "BICYCLE": { "distance_m": 2829.38, "duration_min": 15.23 } }, "n_metro_15min_bike": 0, "n_metro_30min_bike": 3 }, "geometry": { "type": "Point", "coordinates": [ -8.610653897851554, 41.284584221113228 ] } },
{ "type": "Feature", "properties": { "point_id": 7084, "best_station_bike": 5761, "t_bike_min": 15.45, "distance_m": 3179.65, "by_mode": { "BICYCLE": { "distance_m": 3179.65, "duration_min": 15.45 } }, "n_metro_15min_bike": 0, "n_metro_30min_bike": 3 }, "geometry": { "type": "Point", "coordinates": [ -8.600316392900739, 41.284626638946619 ] } },
{ "type": "Feature", "properties": { "point_id": 7085, "best_station_bike": 5761, "t_bike_min": 19.03, "distance_m": 4112.69, "by_mode": { "BICYCLE": { "distance_m": 4112.69, "duration_min": 19.03 } }, "n_metro_15min_bike": 0, "n_metro_30min_bike": 3 }, "geometry": { "type": "Point", "coordinates": [ -8.58997886608689, 41.284668128560725 ] } },
{ "type": "Feature", "properties": { "point_id": 7086, "best_station_bike": 5761, "t_bike_min": 26.28, "distance_m": 5230.41, "by_mode": { "BICYCLE": { "distance_m": 5230.41, "duration_min": 26.28 } }, "n_metro_15min_bike": 0, "n_metro_30min_bike": 2 }, "geometry": { "type": "Point", "coordinates": [ -8.579641317893671, 41.284708689949952 ] } },
{ "type": "Feature", "properties": { "point_id": 7151, "best_station_bike": 5741, "t_bike_min": 19.28, "distance_m": 2972.17, "by_mode": { "BICYCLE": { "distance_m": 2972.17, "duration_min": 19.28 } }, "n_metro_15min_bike": 0, "n_metro_30min_bike": 5 }, "geometry": { "type": "Point", "coordinates": [ -8.729248244917295, 41.290846368861359 ] } },
{ "type": "Feature", "properties": { "point_id": 7152, "best_station_bike": 5741, "t_bike_min": 16.68, "distance_m": 2622.94, "by_mode": { "BICYCLE": { "distance_m": 2622.94, "duration_min": 16.68 } }, "n_metro_15min_bike": 0, "n_metro_30min_bike": 5 }, "geometry": { "type": "Point", "coordinates": [ -8.719256690872776, 41.290835578780424 ] } },
{ "type": "Feature", "properties": { "point_id": 7153, "best_station_bike": 5741, "t_bike_min": 8.87, "distance_m": 1404.76, "by_mode": { "BICYCLE": { "distance_m": 1404.76, "duration_min": 8.87 } }, "n_metro_15min_bike": 1, "n_metro_30min_bike": 4 }, "geometry": { "type": "Point", "coordinates": [ -8.708918378934385, 41.290887754869026 ] } },
{ "type": "Feature", "properties": { "point_id": 7154, "best_station_bike": 5741, "t_bike_min": 3.82, "distance_m": 478.92, "by_mode": { "BICYCLE": { "distance_m": 478.92, "duration_min": 3.82 } }, "n_metro_15min_bike": 2, "n_metro_30min_bike": 7 }, "geometry": { "type": "Point", "coordinates": [ -8.698580040044371, 41.290939002585027 ] } },
{ "type": "Feature", "properties": { "point_id": 7155, "best_station_bike": 5741, "t_bike_min": 9.15, "distance_m": 1341.36, "by_mode": { "BICYCLE": { "distance_m": 1341.36, "duration_min": 9.15 } }, "n_metro_15min_bike": 2, "n_metro_30min_bike": 6 }, "geometry": { "type": "Point", "coordinates": [ -8.688241674686518, 41.290989321921572 ] } },
{ "type": "Feature", "properties": { "point_id": 7156, "best_station_bike": 5741, "t_bike_min": 13.92, "distance_m": 2692.6, "by_mode": { "BICYCLE": { "distance_m": 2692.6, "duration_min": 13.92 } }, "n_metro_15min_bike": 1, "n_metro_30min_bike": 5 }, "geometry": { "type": "Point", "coordinates": [ -8.677903283344611, 41.291038712871874 ] } },
{ "type": "Feature", "properties": { "point_id": 7157, "best_station_bike": 5741, "t_bike_min": 16.18, "distance_m": 3394.86, "by_mode": { "BICYCLE": { "distance_m": 3394.86, "duration_min": 16.18 } }, "n_metro_15min_bike": 0, "n_metro_30min_bike": 5 }, "geometry": { "type": "Point", "coordinates": [ -8.667564866502445, 41.291087175429368 ] } },
{ "type": "Feature", "properties": { "point_id": 7158, "best_station_bike": 5741, "t_bike_min": 20.07, "distance_m": 4189.74, "by_mode": { "BICYCLE": { "distance_m": 4189.74, "duration_min": 20.07 } }, "n_metro_15min_bike": 0, "n_metro_30min_bike": 4 }, "geometry": { "type": "Point", "coordinates": [ -8.657226424643826, 41.291134709587524 ] } },
{ "type": "Feature", "properties": { "point_id": 7159, "best_station_bike": 5741, "t_bike_min": 25.73, "distance_m": 5509.87, "by_mode": { "BICYCLE": { "distance_m": 5509.87, "duration_min": 25.73 } }, "n_metro_15min_bike": 0, "n_metro_30min_bike": 3 }, "geometry": { "type": "Point", "coordinates": [ -8.646887958252561, 41.29118131533999 ] } },
{ "type": "Feature", "properties": { "point_id": 7160, "best_station_bike": 5753, "t_bike_min": 23.28, "distance_m": 4804.52, "by_mode": { "BICYCLE": { "distance_m": 4804.52, "duration_min": 23.28 } }, "n_metro_15min_bike": 0, "n_metro_30min_bike": 5 }, "geometry": { "type": "Point", "coordinates": [ -8.63654946781247, 41.2912269926805 ] } },
{ "type": "Feature", "properties": { "point_id": 7162, "best_station_bike": 5761, "t_bike_min": 16.47, "distance_m": 3515.58, "by_mode": { "BICYCLE": { "distance_m": 3515.58, "duration_min": 16.47 } }, "n_metro_15min_bike": 0, "n_metro_30min_bike": 3 }, "geometry": { "type": "Point", "coordinates": [ -8.615872416721109, 41.291315562101332 ] } },
{ "type": "Feature", "properties": { "point_id": 7163, "best_station_bike": 5761, "t_bike_min": 19.18, "distance_m": 3660.36, "by_mode": { "BICYCLE": { "distance_m": 3660.36, "duration_min": 19.18 } }, "n_metro_15min_bike": 0, "n_metro_30min_bike": 3 }, "geometry": { "type": "Point", "coordinates": [ -8.605533857037511, 41.291358454169782 ] } },
{ "type": "Feature", "properties": { "point_id": 7164, "best_station_bike": 5761, "t_bike_min": 21.98, "distance_m": 4597.85, "by_mode": { "BICYCLE": { "distance_m": 4597.85, "duration_min": 21.98 } }, "n_metro_15min_bike": 0, "n_metro_30min_bike": 2 }, "geometry": { "type": "Point", "coordinates": [ -8.595195275240425, 41.291400417802542 ] } },
{ "type": "Feature", "properties": { "point_id": 7165, "best_station_bike": 5761, "t_bike_min": 24.27, "distance_m": 4849.13, "by_mode": { "BICYCLE": { "distance_m": 4849.13, "duration_min": 24.27 } }, "n_metro_15min_bike": 0, "n_metro_30min_bike": 2 }, "geometry": { "type": "Point", "coordinates": [ -8.584856671813704, 41.291441452993986 ] } },
{ "type": "Feature", "properties": { "point_id": 7231, "best_station_bike": 5740, "t_bike_min": 19.37, "distance_m": 3574.94, "by_mode": { "BICYCLE": { "distance_m": 3574.94, "duration_min": 19.37 } }, "n_metro_15min_bike": 0, "n_metro_30min_bike": 5 }, "geometry": { "type": "Point", "coordinates": [ -8.733911479212132, 41.297735478371862 ] } },
{ "type": "Feature", "properties": { "point_id": 7232, "best_station_bike": 5741, "t_bike_min": 17.82, "distance_m": 2726.86, "by_mode": { "BICYCLE": { "distance_m": 2726.86, "duration_min": 17.82 } }, "n_metro_15min_bike": 0, "n_metro_30min_bike": 6 }, "geometry": { "type": "Point", "coordinates": [ -8.724486822897363, 41.297561912988868 ] } },
{ "type": "Feature", "properties": { "point_id": 7233, "best_station_bike": 5742, "t_bike_min": 11.93, "distance_m": 1686.72, "by_mode": { "BICYCLE": { "distance_m": 1686.72, "duration_min": 11.93 } }, "n_metro_15min_bike": 2, "n_metro_30min_bike": 5 }, "geometry": { "type": "Point", "coordinates": [ -8.71414745850962, 41.29761456569274 ] } },
{ "type": "Feature", "properties": { "point_id": 7234, "best_station_bike": 5741, "t_bike_min": 6.97, "distance_m": 1104.34, "by_mode": { "BICYCLE": { "distance_m": 1104.34, "duration_min": 6.97 } }, "n_metro_15min_bike": 2, "n_metro_30min_bike": 7 }, "geometry": { "type": "Point", "coordinates": [ -8.703808066917762, 41.297666289808255 ] } },
{ "type": "Feature", "properties": { "point_id": 7235, "best_station_bike": 5741, "t_bike_min": 7.17, "distance_m": 1133.14, "by_mode": { "BICYCLE": { "distance_m": 1133.14, "duration_min": 7.17 } }, "n_metro_15min_bike": 3, "n_metro_30min_bike": 7 }, "geometry": { "type": "Point", "coordinates": [ -8.69346864860575, 41.297717085328486 ] } },
{ "type": "Feature", "properties": { "point_id": 7236, "best_station_bike": 5741, "t_bike_min": 10.07, "distance_m": 1782.43, "by_mode": { "BICYCLE": { "distance_m": 1782.43, "duration_min": 10.07 } }, "n_metro_15min_bike": 2, "n_metro_30min_bike": 6 }, "geometry": { "type": "Point", "coordinates": [ -8.683129204057559, 41.297766952246633 ] } },
{ "type": "Feature", "properties": { "point_id": 7237, "best_station_bike": 5741, "t_bike_min": 14.35, "distance_m": 2669.91, "by_mode": { "BICYCLE": { "distance_m": 2669.91, "duration_min": 14.35 } }, "n_metro_15min_bike": 1, "n_metro_30min_bike": 5 }, "geometry": { "type": "Point", "coordinates": [ -8.67278973375717, 41.297815890556016 ] } },
{ "type": "Feature", "properties": { "point_id": 7238, "best_station_bike": 5741, "t_bike_min": 18.53, "distance_m": 3712.69, "by_mode": { "BICYCLE": { "distance_m": 3712.69, "duration_min": 18.53 } }, "n_metro_15min_bike": 0, "n_metro_30min_bike": 4 }, "geometry": { "type": "Point", "coordinates": [ -8.662450238188569, 41.297863900250064 ] } },
{ "type": "Feature", "properties": { "point_id": 7239, "best_station_bike": 5741, "t_bike_min": 25.03, "distance_m": 4973.75, "by_mode": { "BICYCLE": { "distance_m": 4973.75, "duration_min": 25.03 } }, "n_metro_15min_bike": 0, "n_metro_30min_bike": 2 }, "geometry": { "type": "Point", "coordinates": [ -8.652110717835752, 41.297910981322346 ] } },
{ "type": "Feature", "properties": { "point_id": 7240, "best_station_bike": 5741, "t_bike_min": 27.18, "distance_m": 5803.11, "by_mode": { "BICYCLE": { "distance_m": 5803.11, "duration_min": 27.18 } }, "n_metro_15min_bike": 0, "n_metro_30min_bike": 3 }, "geometry": { "type": "Point", "coordinates": [ -8.64177117318272, 41.297957133766545 ] } },
{ "type": "Feature", "properties": { "point_id": 7241, "best_station_bike": 5741, "t_bike_min": 29.07, "distance_m": 6913.3, "by_mode": { "BICYCLE": { "distance_m": 6913.3, "duration_min": 29.07 } }, "n_metro_15min_bike": 0, "n_metro_30min_bike": 2 }, "geometry": { "type": "Point", "coordinates": [ -8.631431604713486, 41.298002357576479 ] } },
{ "type": "Feature", "properties": { "point_id": 7242, "best_station_bike": 5761, "t_bike_min": 23.35, "distance_m": 5087.08, "by_mode": { "BICYCLE": { "distance_m": 5087.08, "duration_min": 23.35 } }, "n_metro_15min_bike": 0, "n_metro_30min_bike": 2 }, "geometry": { "type": "Point", "coordinates": [ -8.621092012912063, 41.298046652746102 ] } },
{ "type": "Feature", "properties": { "point_id": 7243, "best_station_bike": 5761, "t_bike_min": 27.18, "distance_m": 4964.54, "by_mode": { "BICYCLE": { "distance_m": 4964.54, "duration_min": 27.18 } }, "n_metro_15min_bike": 0, "n_metro_30min_bike": 1 }, "geometry": { "type": "Point", "coordinates": [ -8.610752398262479, 41.298090019269438 ] } },
{ "type": "Feature", "properties": { "point_id": 7244, "best_station_bike": 5761, "t_bike_min": 21.15, "distance_m": 4380.64, "by_mode": { "BICYCLE": { "distance_m": 4380.64, "duration_min": 21.15 } }, "n_metro_15min_bike": 0, "n_metro_30min_bike": 2 }, "geometry": { "type": "Point", "coordinates": [ -8.60041276124876, 41.298132457140717 ] } },
{ "type": "Feature", "properties": { "point_id": 7245, "best_station_bike": 5761, "t_bike_min": 25.17, "distance_m": 5210.46, "by_mode": { "BICYCLE": { "distance_m": 5210.46, "duration_min": 25.17 } }, "n_metro_15min_bike": 0, "n_metro_30min_bike": 2 }, "geometry": { "type": "Point", "coordinates": [ -8.590073102354946, 41.298173966354227 ] } },
{ "type": "Feature", "properties": { "point_id": 7246, "best_station_bike": 5761, "t_bike_min": 28.63, "distance_m": 6396.63, "by_mode": { "BICYCLE": { "distance_m": 6396.63, "duration_min": 28.63 } }, "n_metro_15min_bike": 0, "n_metro_30min_bike": 1 }, "geometry": { "type": "Point", "coordinates": [ -8.579733422065081, 41.298214546904397 ] } },
{ "type": "Feature", "properties": { "point_id": 7312, "best_station_bike": 5740, "t_bike_min": 15.83, "distance_m": 2678.71, "by_mode": { "BICYCLE": { "distance_m": 2678.71, "duration_min": 15.83 } }, "n_metro_15min_bike": 0, "n_metro_30min_bike": 6 }, "geometry": { "type": "Point", "coordinates": [ -8.737299259823461, 41.304630718664313 ] } },
{ "type": "Feature", "properties": { "point_id": 7313, "best_station_bike": 5740, "t_bike_min": 13.12, "distance_m": 2262.85, "by_mode": { "BICYCLE": { "distance_m": 2262.85, "duration_min": 13.12 } }, "n_metro_15min_bike": 1, "n_metro_30min_bike": 6 }, "geometry": { "type": "Point", "coordinates": [ -8.72971803504867, 41.304287994487183 ] } },
{ "type": "Feature", "properties": { "point_id": 7314, "best_station_bike": 5740, "t_bike_min": 11.88, "distance_m": 1909.82, "by_mode": { "BICYCLE": { "distance_m": 1909.82, "duration_min": 11.88 } }, "n_metro_15min_bike": 3, "n_metro_30min_bike": 6 }, "geometry": { "type": "Point", "coordinates": [ -8.719377617980305, 41.304341124026323 ] } },
{ "type": "Feature", "properties": { "point_id": 7315, "best_station_bike": 5742, "t_bike_min": 8.57, "distance_m": 1210.24, "by_mode": { "BICYCLE": { "distance_m": 1210.24, "duration_min": 8.57 } }, "n_metro_15min_bike": 2, "n_metro_30min_bike": 6 }, "geometry": { "type": "Point", "coordinates": [ -8.709037173455133, 41.304393324761364 ] } },
{ "type": "Feature", "properties": { "point_id": 7316, "best_station_bike": 5742, "t_bike_min": 6.83, "distance_m": 1151.45, "by_mode": { "BICYCLE": { "distance_m": 1151.45, "duration_min": 6.83 } }, "n_metro_15min_bike": 3, "n_metro_30min_bike": 9 }, "geometry": { "type": "Point", "coordinates": [ -8.698696701957308, 41.304444596685308 ] } },
{ "type": "Feature", "properties": { "point_id": 7317, "best_station_bike": 5741, "t_bike_min": 12.18, "distance_m": 2411.12, "by_mode": { "BICYCLE": { "distance_m": 2411.12, "duration_min": 12.18 } }, "n_metro_15min_bike": 1, "n_metro_30min_bike": 5 }, "geometry": { "type": "Point", "coordinates": [ -8.688356203970985, 41.304494939791276 ] } },
{ "type": "Feature", "properties": { "point_id": 7318, "best_station_bike": 5741, "t_bike_min": 14.82, "distance_m": 2956.33, "by_mode": { "BICYCLE": { "distance_m": 2956.33, "duration_min": 14.82 } }, "n_metro_15min_bike": 1, "n_metro_30min_bike": 5 }, "geometry": { "type": "Point", "coordinates": [ -8.678015679980325, 41.304544354072505 ] } },
{ "type": "Feature", "properties": { "point_id": 7319, "best_station_bike": 5741, "t_bike_min": 18.1, "distance_m": 3830.31, "by_mode": { "BICYCLE": { "distance_m": 3830.31, "duration_min": 18.1 } }, "n_metro_15min_bike": 0, "n_metro_30min_bike": 5 }, "geometry": { "type": "Point", "coordinates": [ -8.667675130469508, 41.304592839522414 ] } },
{ "type": "Feature", "properties": { "point_id": 7320, "best_station_bike": 5741, "t_bike_min": 20.85, "distance_m": 4361.47, "by_mode": { "BICYCLE": { "distance_m": 4361.47, "duration_min": 20.85 } }, "n_metro_15min_bike": 0, "n_metro_30min_bike": 4 }, "geometry": { "type": "Point", "coordinates": [ -8.657334555922709, 41.304640396134452 ] } },
{ "type": "Feature", "properties": { "point_id": 7321, "best_station_bike": 5741, "t_bike_min": 27.52, "distance_m": 5545.75, "by_mode": { "BICYCLE": { "distance_m": 5545.75, "duration_min": 27.52 } }, "n_metro_15min_bike": 0, "n_metro_30min_bike": 1 }, "geometry": { "type": "Point", "coordinates": [ -8.646993956824119, 41.304687023902282 ] } },
{ "type": "Feature", "properties": { "point_id": 7322, "best_station_bike": 5741, "t_bike_min": 29.02, "distance_m": 6749.93, "by_mode": { "BICYCLE": { "distance_m": 6749.93, "duration_min": 29.02 } }, "n_metro_15min_bike": 0, "n_metro_30min_bike": 2 }, "geometry": { "type": "Point", "coordinates": [ -8.636653333657932, 41.304732722819651 ] } },
{ "type": "Feature", "properties": { "point_id": 7323, "best_station_bike": 5761, "t_bike_min": 24.62, "distance_m": 5437.1, "by_mode": { "BICYCLE": { "distance_m": 5437.1, "duration_min": 24.62 } }, "n_metro_15min_bike": 0, "n_metro_30min_bike": 2 }, "geometry": { "type": "Point", "coordinates": [ -8.626312686908349, 41.304777492880405 ] } },
{ "type": "Feature", "properties": { "point_id": 7325, "best_station_bike": 5761, "t_bike_min": 28.83, "distance_m": 5408.12, "by_mode": { "BICYCLE": { "distance_m": 5408.12, "duration_min": 28.83 } }, "n_metro_15min_bike": 0, "n_metro_30min_bike": 1 }, "geometry": { "type": "Point", "coordinates": [ -8.605631324595844, 41.304864246408236 ] } },
{ "type": "Feature", "properties": { "point_id": 7393, "best_station_bike": 5749, "t_bike_min": 20.17, "distance_m": 4001.21, "by_mode": { "BICYCLE": { "distance_m": 4001.21, "duration_min": 20.17 } }, "n_metro_15min_bike": 0, "n_metro_30min_bike": 5 }, "geometry": { "type": "Point", "coordinates": [ -8.740738473833083, 41.310895745768583 ] } },
{ "type": "Feature", "properties": { "point_id": 7394, "best_station_bike": 5740, "t_bike_min": 11.93, "distance_m": 1941.38, "by_mode": { "BICYCLE": { "distance_m": 1941.38, "duration_min": 11.93 } }, "n_metro_15min_bike": 1, "n_metro_30min_bike": 7 }, "geometry": { "type": "Point", "coordinates": [ -8.73495032781074, 41.311013823107722 ] } },
{ "type": "Feature", "properties": { "point_id": 7395, "best_station_bike": 5740, "t_bike_min": 7.28, "distance_m": 1088.13, "by_mode": { "BICYCLE": { "distance_m": 1088.13, "duration_min": 7.28 } }, "n_metro_15min_bike": 2, "n_metro_30min_bike": 7 }, "geometry": { "type": "Point", "coordinates": [ -8.724608857830489, 41.311067429702206 ] } },
{ "type": "Feature", "properties": { "point_id": 7396, "best_station_bike": 5740, "t_bike_min": 4.68, "distance_m": 640.14, "by_mode": { "BICYCLE": { "distance_m": 640.14, "duration_min": 4.68 } }, "n_metro_15min_bike": 3, "n_metro_30min_bike": 8 }, "geometry": { "type": "Point", "coordinates": [ -8.71426736014055, 41.311120107276807 ] } },
{ "type": "Feature", "properties": { "point_id": 7397, "best_station_bike": 5740, "t_bike_min": 8.42, "distance_m": 1589.0, "by_mode": { "BICYCLE": { "distance_m": 1589.0, "duration_min": 8.42 } }, "n_metro_15min_bike": 3, "n_metro_30min_bike": 8 }, "geometry": { "type": "Point", "coordinates": [ -8.70392583522526, 41.311171855824504 ] } },
{ "type": "Feature", "properties": { "point_id": 7398, "best_station_bike": 5742, "t_bike_min": 10.65, "distance_m": 1904.07, "by_mode": { "BICYCLE": { "distance_m": 1904.07, "duration_min": 10.65 } }, "n_metro_15min_bike": 2, "n_metro_30min_bike": 6 }, "geometry": { "type": "Point", "coordinates": [ -8.69358428356896, 41.311222675338307 ] } },
{ "type": "Feature", "properties": { "point_id": 7399, "best_station_bike": 5742, "t_bike_min": 17.43, "distance_m": 2664.52, "by_mode": { "BICYCLE": { "distance_m": 2664.52, "duration_min": 17.43 } }, "n_metro_15min_bike": 0, "n_metro_30min_bike": 6 }, "geometry": { "type": "Point", "coordinates": [ -8.683242705655999, 41.311272565811443 ] } },
{ "type": "Feature", "properties": { "point_id": 7400, "best_station_bike": 5741, "t_bike_min": 18.58, "distance_m": 3977.29, "by_mode": { "BICYCLE": { "distance_m": 3977.29, "duration_min": 18.58 } }, "n_metro_15min_bike": 0, "n_metro_30min_bike": 5 }, "geometry": { "type": "Point", "coordinates": [ -8.672901101970735, 41.311321527237205 ] } },
{ "type": "Feature", "properties": { "point_id": 7401, "best_station_bike": 5741, "t_bike_min": 23.97, "distance_m": 5206.55, "by_mode": { "BICYCLE": { "distance_m": 5206.55, "duration_min": 23.97 } }, "n_metro_15min_bike": 0, "n_metro_30min_bike": 3 }, "geometry": { "type": "Point", "coordinates": [ -8.662559472997538, 41.311369559609027 ] } },
{ "type": "Feature", "properties": { "point_id": 7402, "best_station_bike": 5741, "t_bike_min": 23.2, "distance_m": 5272.39, "by_mode": { "BICYCLE": { "distance_m": 5272.39, "duration_min": 23.2 } }, "n_metro_15min_bike": 0, "n_metro_30min_bike": 3 }, "geometry": { "type": "Point", "coordinates": [ -8.652217819220777, 41.311416662920479 ] } },
{ "type": "Feature", "properties": { "point_id": 7403, "best_station_bike": 5741, "t_bike_min": 28.75, "distance_m": 6365.27, "by_mode": { "BICYCLE": { "distance_m": 6365.27, "duration_min": 28.75 } }, "n_metro_15min_bike": 0, "n_metro_30min_bike": 1 }, "geometry": { "type": "Point", "coordinates": [ -8.641876141124829, 41.31146283716523 ] } },
{ "type": "Feature", "properties": { "point_id": 7404, "best_station_bike": 5761, "t_bike_min": 28.73, "distance_m": 6365.93, "by_mode": { "BICYCLE": { "distance_m": 6365.93, "duration_min": 28.73 } }, "n_metro_15min_bike": 0, "n_metro_30min_bike": 1 }, "geometry": { "type": "Point", "coordinates": [ -8.631534439194089, 41.311508082337099 ] } },
{ "type": "Feature", "properties": { "point_id": 7474, "best_station_bike": 5749, "t_bike_min": 16.2, "distance_m": 3249.97, "by_mode": { "BICYCLE": { "distance_m": 3249.97, "duration_min": 16.2 } }, "n_metro_15min_bike": 0, "n_metro_30min_bike": 8 }, "geometry": { "type": "Point", "coordinates": [ -8.737983383158255, 41.317578180866825 ] } },
{ "type": "Feature", "properties": { "point_id": 7475, "best_station_bike": 5740, "t_bike_min": 10.13, "distance_m": 1593.62, "by_mode": { "BICYCLE": { "distance_m": 1593.62, "duration_min": 10.13 } }, "n_metro_15min_bike": 2, "n_metro_30min_bike": 7 }, "geometry": { "type": "Point", "coordinates": [ -8.72984117854441, 41.317793482552673 ] } },
{ "type": "Feature", "properties": { "point_id": 7476, "best_station_bike": 5735, "t_bike_min": 5.45, "distance_m": 730.35, "by_mode": { "BICYCLE": { "distance_m": 730.35, "duration_min": 5.45 } }, "n_metro_15min_bike": 3, "n_metro_30min_bike": 9 }, "geometry": { "type": "Point", "coordinates": [ -8.719498627458256, 41.317846637186975 ] } },
{ "type": "Feature", "properties": { "point_id": 7477, "best_station_bike": 5740, "t_bike_min": 2.67, "distance_m": 574.79, "by_mode": { "BICYCLE": { "distance_m": 574.79, "duration_min": 2.67 } }, "n_metro_15min_bike": 4, "n_metro_30min_bike": 10 }, "geometry": { "type": "Point", "coordinates": [ -8.70915604889386, 41.317898862578495 ] } },
{ "type": "Feature", "properties": { "point_id": 7478, "best_station_bike": 5740, "t_bike_min": 8.05, "distance_m": 1851.88, "by_mode": { "BICYCLE": { "distance_m": 1851.88, "duration_min": 8.05 } }, "n_metro_15min_bike": 3, "n_metro_30min_bike": 9 }, "geometry": { "type": "Point", "coordinates": [ -8.698813443335748, 41.317950158720244 ] } },
{ "type": "Feature", "properties": { "point_id": 7479, "best_station_bike": 5740, "t_bike_min": 11.95, "distance_m": 2615.39, "by_mode": { "BICYCLE": { "distance_m": 2615.39, "duration_min": 11.95 } }, "n_metro_15min_bike": 1, "n_metro_30min_bike": 7 }, "geometry": { "type": "Point", "coordinates": [ -8.688470811268457, 41.318000525605335 ] } },
{ "type": "Feature", "properties": { "point_id": 7480, "best_station_bike": 5740, "t_bike_min": 18.07, "distance_m": 4199.85, "by_mode": { "BICYCLE": { "distance_m": 4199.85, "duration_min": 18.07 } }, "n_metro_15min_bike": 0, "n_metro_30min_bike": 7 }, "geometry": { "type": "Point", "coordinates": [ -8.67812815317653, 41.318049963227033 ] } },
{ "type": "Feature", "properties": { "point_id": 7481, "best_station_bike": 5741, "t_bike_min": 22.47, "distance_m": 5026.63, "by_mode": { "BICYCLE": { "distance_m": 5026.63, "duration_min": 22.47 } }, "n_metro_15min_bike": 0, "n_metro_30min_bike": 4 }, "geometry": { "type": "Point", "coordinates": [ -8.667785469544517, 41.318098471578679 ] } },
{ "type": "Feature", "properties": { "point_id": 7482, "best_station_bike": 5740, "t_bike_min": 29.52, "distance_m": 5928.64, "by_mode": { "BICYCLE": { "distance_m": 5928.64, "duration_min": 29.52 } }, "n_metro_15min_bike": 0, "n_metro_30min_bike": 2 }, "geometry": { "type": "Point", "coordinates": [ -8.657442760856977, 41.318146050653773 ] } },
{ "type": "Feature", "properties": { "point_id": 7483, "best_station_bike": 5741, "t_bike_min": 29.15, "distance_m": 6657.07, "by_mode": { "BICYCLE": { "distance_m": 6657.07, "duration_min": 29.15 } }, "n_metro_15min_bike": 0, "n_metro_30min_bike": 1 }, "geometry": { "type": "Point", "coordinates": [ -8.647100027598476, 41.318192700445948 ] } },
{ "type": "Feature", "properties": { "point_id": 7553, "best_station_bike": 5749, "t_bike_min": 11.63, "distance_m": 2085.31, "by_mode": { "BICYCLE": { "distance_m": 2085.31, "duration_min": 11.63 } }, "n_metro_15min_bike": 1, "n_metro_30min_bike": 8 }, "geometry": { "type": "Point", "coordinates": [ -8.73483098286151, 41.324521386331845 ] } },
{ "type": "Feature", "properties": { "point_id": 7554, "best_station_bike": 5749, "t_bike_min": 9.55, "distance_m": 1972.5, "by_mode": { "BICYCLE": { "distance_m": 1972.5, "duration_min": 9.55 } }, "n_metro_15min_bike": 2, "n_metro_30min_bike": 10 }, "geometry": { "type": "Point", "coordinates": [ -8.724730975892681, 41.324572914324115 ] } },
{ "type": "Feature", "properties": { "point_id": 7555, "best_station_bike": 5735, "t_bike_min": 4.28, "distance_m": 603.85, "by_mode": { "BICYCLE": { "distance_m": 603.85, "duration_min": 4.28 } }, "n_metro_15min_bike": 4, "n_metro_30min_bike": 11 }, "geometry": { "type": "Point", "coordinates": [ -8.714387343447546, 41.324625616779635 ] } },
{ "type": "Feature", "properties": { "point_id": 7556, "best_station_bike": 5740, "t_bike_min": 9.78, "distance_m": 1841.08, "by_mode": { "BICYCLE": { "distance_m": 1841.08, "duration_min": 9.78 } }, "n_metro_15min_bike": 3, "n_metro_30min_bike": 8 }, "geometry": { "type": "Point", "coordinates": [ -8.704043683755797, 41.324677389769455 ] } },
{ "type": "Feature", "properties": { "point_id": 7557, "best_station_bike": 5740, "t_bike_min": 9.32, "distance_m": 2038.29, "by_mode": { "BICYCLE": { "distance_m": 2038.29, "duration_min": 9.32 } }, "n_metro_15min_bike": 1, "n_metro_30min_bike": 7 }, "geometry": { "type": "Point", "coordinates": [ -8.693699997302156, 41.324728233286628 ] } },
{ "type": "Feature", "properties": { "point_id": 7558, "best_station_bike": 5740, "t_bike_min": 13.3, "distance_m": 3125.45, "by_mode": { "BICYCLE": { "distance_m": 3125.45, "duration_min": 13.3 } }, "n_metro_15min_bike": 1, "n_metro_30min_bike": 7 }, "geometry": { "type": "Point", "coordinates": [ -8.683356284571351, 41.324778147324359 ] } },
{ "type": "Feature", "properties": { "point_id": 7559, "best_station_bike": 5740, "t_bike_min": 16.13, "distance_m": 4141.63, "by_mode": { "BICYCLE": { "distance_m": 4141.63, "duration_min": 16.13 } }, "n_metro_15min_bike": 0, "n_metro_30min_bike": 7 }, "geometry": { "type": "Point", "coordinates": [ -8.67301254604812, 41.324827131875935 ] } },
{ "type": "Feature", "properties": { "point_id": 7560, "best_station_bike": 5740, "t_bike_min": 21.77, "distance_m": 5212.75, "by_mode": { "BICYCLE": { "distance_m": 5212.75, "duration_min": 21.77 } }, "n_metro_15min_bike": 0, "n_metro_30min_bike": 4 }, "geometry": { "type": "Point", "coordinates": [ -8.662668782217205, 41.324875186934797 ] } },
{ "type": "Feature", "properties": { "point_id": 7630, "best_station_bike": 5749, "t_bike_min": 9.53, "distance_m": 1646.5, "by_mode": { "BICYCLE": { "distance_m": 1646.5, "duration_min": 9.53 } }, "n_metro_15min_bike": 1, "n_metro_30min_bike": 9 }, "geometry": { "type": "Point", "coordinates": [ -8.737714327892222, 41.331447355289413 ] } },
{ "type": "Feature", "properties": { "point_id": 7631, "best_station_bike": 5749, "t_bike_min": 5.55, "distance_m": 1109.26, "by_mode": { "BICYCLE": { "distance_m": 1109.26, "duration_min": 5.55 } }, "n_metro_15min_bike": 3, "n_metro_30min_bike": 11 }, "geometry": { "type": "Point", "coordinates": [ -8.729964405928442, 41.331298938520526 ] } },
{ "type": "Feature", "properties": { "point_id": 7632, "best_station_bike": 5749, "t_bike_min": 2.87, "distance_m": 608.66, "by_mode": { "BICYCLE": { "distance_m": 608.66, "duration_min": 2.87 } }, "n_metro_15min_bike": 4, "n_metro_30min_bike": 11 }, "geometry": { "type": "Point", "coordinates": [ -8.719619719370941, 41.331352118260227 ] } },
{ "type": "Feature", "properties": { "point_id": 7633, "best_station_bike": 5749, "t_bike_min": 9.97, "distance_m": 1566.78, "by_mode": { "BICYCLE": { "distance_m": 1566.78, "duration_min": 9.97 } }, "n_metro_15min_bike": 4, "n_metro_30min_bike": 8 }, "geometry": { "type": "Point", "coordinates": [ -8.709275005313737, 41.331404368318296 ] } },
{ "type": "Feature", "properties": { "point_id": 7634, "best_station_bike": 5740, "t_bike_min": 12.85, "distance_m": 2751.72, "by_mode": { "BICYCLE": { "distance_m": 2751.72, "duration_min": 12.85 } }, "n_metro_15min_bike": 1, "n_metro_30min_bike": 6 }, "geometry": { "type": "Point", "coordinates": [ -8.698930264241733, 41.331455688687754 ] } },
{ "type": "Feature", "properties": { "point_id": 7635, "best_station_bike": 5731, "t_bike_min": 20.48, "distance_m": 4196.29, "by_mode": { "BICYCLE": { "distance_m": 4196.29, "duration_min": 20.48 } }, "n_metro_15min_bike": 0, "n_metro_30min_bike": 5 }, "geometry": { "type": "Point", "coordinates": [ -8.688585496639847, 41.331506079361681 ] } },
{ "type": "Feature", "properties": { "point_id": 7636, "best_station_bike": 5740, "t_bike_min": 22.28, "distance_m": 4672.06, "by_mode": { "BICYCLE": { "distance_m": 4672.06, "duration_min": 22.28 } }, "n_metro_15min_bike": 0, "n_metro_30min_bike": 4 }, "geometry": { "type": "Point", "coordinates": [ -8.678240702993, 41.331555540333326 ] } },
{ "type": "Feature", "properties": { "point_id": 7637, "best_station_bike": 5740, "t_bike_min": 24.3, "distance_m": 5287.9, "by_mode": { "BICYCLE": { "distance_m": 5287.9, "duration_min": 24.3 } }, "n_metro_15min_bike": 0, "n_metro_30min_bike": 3 }, "geometry": { "type": "Point", "coordinates": [ -8.667895883786116, 41.331604071596082 ] } },
{ "type": "Feature", "properties": { "point_id": 7704, "best_station_bike": 5752, "t_bike_min": 17.92, "distance_m": 2912.3, "by_mode": { "BICYCLE": { "distance_m": 2912.3, "duration_min": 17.92 } }, "n_metro_15min_bike": 0, "n_metro_30min_bike": 9 }, "geometry": { "type": "Point", "coordinates": [ -8.752826003408405, 41.341287422698294 ] } },
{ "type": "Feature", "properties": { "point_id": 7705, "best_station_bike": 5732, "t_bike_min": 12.92, "distance_m": 1936.83, "by_mode": { "BICYCLE": { "distance_m": 1936.83, "duration_min": 12.92 } }, "n_metro_15min_bike": 1, "n_metro_30min_bike": 11 }, "geometry": { "type": "Point", "coordinates": [ -8.744314921167319, 41.339805205400921 ] } },
{ "type": "Feature", "properties": { "point_id": 7706, "best_station_bike": 5732, "t_bike_min": 9.32, "distance_m": 1414.63, "by_mode": { "BICYCLE": { "distance_m": 1414.63, "duration_min": 9.32 } }, "n_metro_15min_bike": 3, "n_metro_30min_bike": 11 }, "geometry": { "type": "Point", "coordinates": [ -8.735198918050342, 41.338024709608383 ] } },
{ "type": "Feature", "properties": { "point_id": 7707, "best_station_bike": 5749, "t_bike_min": 5.93, "distance_m": 955.5, "by_mode": { "BICYCLE": { "distance_m": 955.5, "duration_min": 5.93 } }, "n_metro_15min_bike": 3, "n_metro_30min_bike": 11 }, "geometry": { "type": "Point", "coordinates": [ -8.724853177148855, 41.338078366852521 ] } },
{ "type": "Feature", "properties": { "point_id": 7708, "best_station_bike": 5749, "t_bike_min": 5.9, "distance_m": 988.06, "by_mode": { "BICYCLE": { "distance_m": 988.06, "duration_min": 5.9 } }, "n_metro_15min_bike": 3, "n_metro_30min_bike": 9 }, "geometry": { "type": "Point", "coordinates": [ -8.714507408494384, 41.338131094199092 ] } },
{ "type": "Feature", "properties": { "point_id": 7709, "best_station_bike": 5731, "t_bike_min": 13.53, "distance_m": 2604.27, "by_mode": { "BICYCLE": { "distance_m": 2604.27, "duration_min": 13.53 } }, "n_metro_15min_bike": 2, "n_metro_30min_bike": 7 }, "geometry": { "type": "Point", "coordinates": [ -8.704161612572015, 41.338182891641019 ] } },
{ "type": "Feature", "properties": { "point_id": 7710, "best_station_bike": 5731, "t_bike_min": 16.2, "distance_m": 3272.55, "by_mode": { "BICYCLE": { "distance_m": 3272.55, "duration_min": 16.2 } }, "n_metro_15min_bike": 0, "n_metro_30min_bike": 6 }, "geometry": { "type": "Point", "coordinates": [ -8.69381578986685, 41.338233759171374 ] } },
{ "type": "Feature", "properties": { "point_id": 7711, "best_station_bike": 5731, "t_bike_min": 17.77, "distance_m": 3829.3, "by_mode": { "BICYCLE": { "distance_m": 3829.3, "duration_min": 17.77 } }, "n_metro_15min_bike": 0, "n_metro_30min_bike": 5 }, "geometry": { "type": "Point", "coordinates": [ -8.683469940863995, 41.338283696783314 ] } },
{ "type": "Feature", "properties": { "point_id": 7712, "best_station_bike": 5731, "t_bike_min": 24.02, "distance_m": 4823.72, "by_mode": { "BICYCLE": { "distance_m": 4823.72, "duration_min": 24.02 } }, "n_metro_15min_bike": 0, "n_metro_30min_bike": 4 }, "geometry": { "type": "Point", "coordinates": [ -8.673124066048562, 41.33833270447014 ] } },
{ "type": "Feature", "properties": { "point_id": 7713, "best_station_bike": 5731, "t_bike_min": 28.93, "distance_m": 5798.21, "by_mode": { "BICYCLE": { "distance_m": 5798.21, "duration_min": 28.93 } }, "n_metro_15min_bike": 0, "n_metro_30min_bike": 1 }, "geometry": { "type": "Point", "coordinates": [ -8.662778165905676, 41.338380782225293 ] } },
{ "type": "Feature", "properties": { "point_id": 7777, "best_station_bike": 5752, "t_bike_min": 13.37, "distance_m": 2462.35, "by_mode": { "BICYCLE": { "distance_m": 2462.35, "duration_min": 13.37 } }, "n_metro_15min_bike": 1, "n_metro_30min_bike": 9 }, "geometry": { "type": "Point", "coordinates": [ -8.750284952784503, 41.344735394838565 ] } },
{ "type": "Feature", "properties": { "point_id": 7778, "best_station_bike": 5732, "t_bike_min": 9.32, "distance_m": 1389.76, "by_mode": { "BICYCLE": { "distance_m": 1389.76, "duration_min": 9.32 } }, "n_metro_15min_bike": 5, "n_metro_30min_bike": 11 }, "geometry": { "type": "Point", "coordinates": [ -8.740434512743363, 41.344750227419809 ] } },
{ "type": "Feature", "properties": { "point_id": 7779, "best_station_bike": 5732, "t_bike_min": 1.2, "distance_m": 218.32, "by_mode": { "BICYCLE": { "distance_m": 218.32, "duration_min": 1.2 } }, "n_metro_15min_bike": 5, "n_metro_30min_bike": 11 }, "geometry": { "type": "Point", "coordinates": [ -8.730087717266287, 41.344804362388693 ] } },
{ "type": "Feature", "properties": { "point_id": 7780, "best_station_bike": 5732, "t_bike_min": 9.93, "distance_m": 1481.09, "by_mode": { "BICYCLE": { "distance_m": 1481.09, "duration_min": 9.93 } }, "n_metro_15min_bike": 2, "n_metro_30min_bike": 9 }, "geometry": { "type": "Point", "coordinates": [ -8.719740893782744, 41.344857567244027 ] } },
{ "type": "Feature", "properties": { "point_id": 7781, "best_station_bike": 5731, "t_bike_min": 9.98, "distance_m": 2097.28, "by_mode": { "BICYCLE": { "distance_m": 2097.28, "duration_min": 9.98 } }, "n_metro_15min_bike": 3, "n_metro_30min_bike": 8 }, "geometry": { "type": "Point", "coordinates": [ -8.709394042778014, 41.34490984197874 ] } },
{ "type": "Feature", "properties": { "point_id": 7782, "best_station_bike": 5731, "t_bike_min": 11.53, "distance_m": 2705.31, "by_mode": { "BICYCLE": { "distance_m": 2705.31, "duration_min": 11.53 } }, "n_metro_15min_bike": 2, "n_metro_30min_bike": 8 }, "geometry": { "type": "Point", "coordinates": [ -8.699047164737379, 41.344961186585763 ] } },
{ "type": "Feature", "properties": { "point_id": 7783, "best_station_bike": 5731, "t_bike_min": 23.25, "distance_m": 4588.04, "by_mode": { "BICYCLE": { "distance_m": 4588.04, "duration_min": 23.25 } }, "n_metro_15min_bike": 0, "n_metro_30min_bike": 4 }, "geometry": { "type": "Point", "coordinates": [ -8.688700260146133, 41.345011601058246 ] } },
{ "type": "Feature", "properties": { "point_id": 7784, "best_station_bike": 5731, "t_bike_min": 24.48, "distance_m": 4851.2, "by_mode": { "BICYCLE": { "distance_m": 4851.2, "duration_min": 24.48 } }, "n_metro_15min_bike": 0, "n_metro_30min_bike": 4 }, "geometry": { "type": "Point", "coordinates": [ -8.678353329489575, 41.34506108538941 ] } },
{ "type": "Feature", "properties": { "point_id": 7785, "best_station_bike": 5731, "t_bike_min": 29.5, "distance_m": 5664.88, "by_mode": { "BICYCLE": { "distance_m": 5664.88, "duration_min": 29.5 } }, "n_metro_15min_bike": 0, "n_metro_30min_bike": 1 }, "geometry": { "type": "Point", "coordinates": [ -8.668006373253013, 41.345109639572613 ] } },
{ "type": "Feature", "properties": { "point_id": 7846, "best_station_bike": 5752, "t_bike_min": 8.78, "distance_m": 1691.66, "by_mode": { "BICYCLE": { "distance_m": 1691.66, "duration_min": 8.78 } }, "n_metro_15min_bike": 4, "n_metro_30min_bike": 9 }, "geometry": { "type": "Point", "coordinates": [ -8.753083266679491, 41.351591793823033 ] } },
{ "type": "Feature", "properties": { "point_id": 7847, "best_station_bike": 5752, "t_bike_min": 8.62, "distance_m": 1318.21, "by_mode": { "BICYCLE": { "distance_m": 1318.21, "duration_min": 8.62 } }, "n_metro_15min_bike": 4, "n_metro_30min_bike": 9 }, "geometry": { "type": "Point", "coordinates": [ -8.745671190492676, 41.351475491786886 ] } },
{ "type": "Feature", "properties": { "point_id": 7848, "best_station_bike": 5747, "t_bike_min": 9.4, "distance_m": 1296.12, "by_mode": { "BICYCLE": { "distance_m": 1296.12, "duration_min": 9.4 } }, "n_metro_15min_bike": 3, "n_metro_30min_bike": 10 }, "geometry": { "type": "Point", "coordinates": [ -8.735323340208408, 41.351530104700828 ] } },
{ "type": "Feature", "properties": { "point_id": 7849, "best_station_bike": 5732, "t_bike_min": 12.02, "distance_m": 2222.79, "by_mode": { "BICYCLE": { "distance_m": 2222.79, "duration_min": 12.02 } }, "n_metro_15min_bike": 4, "n_metro_30min_bike": 10 }, "geometry": { "type": "Point", "coordinates": [ -8.724975461664002, 41.351583787285307 ] } },
{ "type": "Feature", "properties": { "point_id": 7850, "best_station_bike": 5732, "t_bike_min": 13.25, "distance_m": 2096.93, "by_mode": { "BICYCLE": { "distance_m": 2096.93, "duration_min": 13.25 } }, "n_metro_15min_bike": 2, "n_metro_30min_bike": 8 }, "geometry": { "type": "Point", "coordinates": [ -8.71462755534492, 41.351636539533096 ] } },
{ "type": "Feature", "properties": { "point_id": 7851, "best_station_bike": 5732, "t_bike_min": 15.22, "distance_m": 2949.37, "by_mode": { "BICYCLE": { "distance_m": 2949.37, "duration_min": 15.22 } }, "n_metro_15min_bike": 0, "n_metro_30min_bike": 7 }, "geometry": { "type": "Point", "coordinates": [ -8.704279621736637, 41.351688361437134 ] } },
{ "type": "Feature", "properties": { "point_id": 7852, "best_station_bike": 5731, "t_bike_min": 21.17, "distance_m": 4042.73, "by_mode": { "BICYCLE": { "distance_m": 4042.73, "duration_min": 21.17 } }, "n_metro_15min_bike": 0, "n_metro_30min_bike": 3 }, "geometry": { "type": "Point", "coordinates": [ -8.693931661324624, 41.351739252990448 ] } },
{ "type": "Feature", "properties": { "point_id": 7902, "best_station_bike": 5745, "t_bike_min": 10.93, "distance_m": 1551.07, "by_mode": { "BICYCLE": { "distance_m": 1551.07, "duration_min": 10.93 } }, "n_metro_15min_bike": 5, "n_metro_30min_bike": 8 }, "geometry": { "type": "Point", "coordinates": [ -8.757784974310335, 41.36002984088465 ] } },
{ "type": "Feature", "properties": { "point_id": 7903, "best_station_bike": 5752, "t_bike_min": 8.7, "distance_m": 1613.82, "by_mode": { "BICYCLE": { "distance_m": 1613.82, "duration_min": 8.7 } }, "n_metro_15min_bike": 5, "n_metro_30min_bike": 9 }, "geometry": { "type": "Point", "coordinates": [ -8.750908951783639, 41.3582005025416 ] } },
{ "type": "Feature", "properties": { "point_id": 7904, "best_station_bike": 5752, "t_bike_min": 2.38, "distance_m": 419.55, "by_mode": { "BICYCLE": { "distance_m": 419.55, "duration_min": 2.38 } }, "n_metro_15min_bike": 6, "n_metro_30min_bike": 9 }, "geometry": { "type": "Point", "coordinates": [ -8.740560046460587, 41.358255593621031 ] } },
{ "type": "Feature", "properties": { "point_id": 7905, "best_station_bike": 5747, "t_bike_min": 7.88, "distance_m": 1352.38, "by_mode": { "BICYCLE": { "distance_m": 1352.38, "duration_min": 7.88 } }, "n_metro_15min_bike": 4, "n_metro_30min_bike": 9 }, "geometry": { "type": "Point", "coordinates": [ -8.730211112623531, 41.358309754155009 ] } },
{ "type": "Feature", "properties": { "point_id": 7906, "best_station_bike": 5747, "t_bike_min": 13.3, "distance_m": 2253.83, "by_mode": { "BICYCLE": { "distance_m": 2253.83, "duration_min": 13.3 } }, "n_metro_15min_bike": 1, "n_metro_30min_bike": 9 }, "geometry": { "type": "Point", "coordinates": [ -8.71986215075812, 41.358362984136278 ] } },
{ "type": "Feature", "properties": { "point_id": 7907, "best_station_bike": 5732, "t_bike_min": 19.17, "distance_m": 3534.82, "by_mode": { "BICYCLE": { "distance_m": 3534.82, "duration_min": 19.17 } }, "n_metro_15min_bike": 0, "n_metro_30min_bike": 6 }, "geometry": { "type": "Point", "coordinates": [ -8.709513161350012, 41.358415283557683 ] } },
{ "type": "Feature", "properties": { "point_id": 7908, "best_station_bike": 5732, "t_bike_min": 24.32, "distance_m": 4539.48, "by_mode": { "BICYCLE": { "distance_m": 4539.48, "duration_min": 24.32 } }, "n_metro_15min_bike": 0, "n_metro_30min_bike": 3 }, "geometry": { "type": "Point", "coordinates": [ -8.699164144884868, 41.358466652412211 ] } },
{ "type": "Feature", "properties": { "point_id": 7956, "best_station_bike": 5748, "t_bike_min": 11.17, "distance_m": 1790.74, "by_mode": { "BICYCLE": { "distance_m": 1790.74, "duration_min": 11.17 } }, "n_metro_15min_bike": 4, "n_metro_30min_bike": 7 }, "geometry": { "type": "Point", "coordinates": [ -8.761915710044359, 41.365819982240481 ] } },
{ "type": "Feature", "properties": { "point_id": 7957, "best_station_bike": 5745, "t_bike_min": 6.77, "distance_m": 880.61, "by_mode": { "BICYCLE": { "distance_m": 880.61, "duration_min": 6.77 } }, "n_metro_15min_bike": 6, "n_metro_30min_bike": 9 }, "geometry": { "type": "Point", "coordinates": [ -8.756073968642642, 41.364929099938045 ] } },
{ "type": "Feature", "properties": { "point_id": 7958, "best_station_bike": 5730, "t_bike_min": 0.8, "distance_m": 101.79, "by_mode": { "BICYCLE": { "distance_m": 101.79, "duration_min": 0.8 } }, "n_metro_15min_bike": 6, "n_metro_30min_bike": 9 }, "geometry": { "type": "Point", "coordinates": [ -8.745797836508373, 41.364980828981288 ] } },
{ "type": "Feature", "properties": { "point_id": 7959, "best_station_bike": 5752, "t_bike_min": 5.3, "distance_m": 990.92, "by_mode": { "BICYCLE": { "distance_m": 990.92, "duration_min": 5.3 } }, "n_metro_15min_bike": 6, "n_metro_30min_bike": 9 }, "geometry": { "type": "Point", "coordinates": [ -8.73544784714689, 41.365035467685225 ] } },
{ "type": "Feature", "properties": { "point_id": 7960, "best_station_bike": 5752, "t_bike_min": 9.05, "distance_m": 1530.13, "by_mode": { "BICYCLE": { "distance_m": 1530.13, "duration_min": 9.05 } }, "n_metro_15min_bike": 4, "n_metro_30min_bike": 9 }, "geometry": { "type": "Point", "coordinates": [ -8.725097829503179, 41.36508917562039 ] } },
{ "type": "Feature", "properties": { "point_id": 7961, "best_station_bike": 5752, "t_bike_min": 15.02, "distance_m": 2680.88, "by_mode": { "BICYCLE": { "distance_m": 2680.88, "duration_min": 15.02 } }, "n_metro_15min_bike": 0, "n_metro_30min_bike": 7 }, "geometry": { "type": "Point", "coordinates": [ -8.71474778406308, 41.365141952779588 ] } },
{ "type": "Feature", "properties": { "point_id": 7962, "best_station_bike": 5732, "t_bike_min": 28.17, "distance_m": 4709.91, "by_mode": { "BICYCLE": { "distance_m": 4709.91, "duration_min": 28.17 } }, "n_metro_15min_bike": 0, "n_metro_30min_bike": 2 }, "geometry": { "type": "Point", "coordinates": [ -8.704397711312446, 41.365193799155726 ] } },
{ "type": "Feature", "properties": { "point_id": 8006, "best_station_bike": 5748, "t_bike_min": 17.17, "distance_m": 2126.08, "by_mode": { "BICYCLE": { "distance_m": 2126.08, "duration_min": 17.17 } }, "n_metro_15min_bike": 0, "n_metro_30min_bike": 6 }, "geometry": { "type": "Point", "coordinates": [ -8.768643792263976, 41.372348950280724 ] } },
{ "type": "Feature", "properties": { "point_id": 8007, "best_station_bike": 5748, "t_bike_min": 6.72, "distance_m": 949.88, "by_mode": { "BICYCLE": { "distance_m": 949.88, "duration_min": 6.72 } }, "n_metro_15min_bike": 4, "n_metro_30min_bike": 6 }, "geometry": { "type": "Point", "coordinates": [ -8.761129489138769, 41.371728395159579 ] } },
{ "type": "Feature", "properties": { "point_id": 8008, "best_station_bike": 5748, "t_bike_min": 2.83, "distance_m": 578.61, "by_mode": { "BICYCLE": { "distance_m": 578.61, "duration_min": 2.83 } }, "n_metro_15min_bike": 6, "n_metro_30min_bike": 8 }, "geometry": { "type": "Point", "coordinates": [ -8.751036710837505, 41.371705810613527 ] } },
{ "type": "Feature", "properties": { "point_id": 8009, "best_station_bike": 5745, "t_bike_min": 5.08, "distance_m": 1176.04, "by_mode": { "BICYCLE": { "distance_m": 1176.04, "duration_min": 5.08 } }, "n_metro_15min_bike": 6, "n_metro_30min_bike": 9 }, "geometry": { "type": "Point", "coordinates": [ -8.740685665719822, 41.371760927707903 ] } },
{ "type": "Feature", "properties": { "point_id": 8010, "best_station_bike": 5730, "t_bike_min": 12.35, "distance_m": 2097.22, "by_mode": { "BICYCLE": { "distance_m": 2097.22, "duration_min": 12.35 } }, "n_metro_15min_bike": 3, "n_metro_30min_bike": 7 }, "geometry": { "type": "Point", "coordinates": [ -8.730334592065846, 41.371815113817455 ] } },
{ "type": "Feature", "properties": { "point_id": 8011, "best_station_bike": 5752, "t_bike_min": 14.85, "distance_m": 2796.19, "by_mode": { "BICYCLE": { "distance_m": 2796.19, "duration_min": 14.85 } }, "n_metro_15min_bike": 1, "n_metro_30min_bike": 7 }, "geometry": { "type": "Point", "coordinates": [ -8.719983490361603, 41.371868368934912 ] } },
{ "type": "Feature", "properties": { "point_id": 8012, "best_station_bike": 5752, "t_bike_min": 18.32, "distance_m": 3473.65, "by_mode": { "BICYCLE": { "distance_m": 3473.65, "duration_min": 18.32 } }, "n_metro_15min_bike": 0, "n_metro_30min_bike": 6 }, "geometry": { "type": "Point", "coordinates": [ -8.709632361093124, 41.371920693053127 ] } },
{ "type": "Feature", "properties": { "point_id": 8013, "best_station_bike": 5752, "t_bike_min": 22.03, "distance_m": 4435.06, "by_mode": { "BICYCLE": { "distance_m": 4435.06, "duration_min": 22.03 } }, "n_metro_15min_bike": 0, "n_metro_30min_bike": 6 }, "geometry": { "type": "Point", "coordinates": [ -8.699281204746455, 41.371972086165059 ] } },
{ "type": "Feature", "properties": { "point_id": 8014, "best_station_bike": 5752, "t_bike_min": 24.67, "distance_m": 5403.64, "by_mode": { "BICYCLE": { "distance_m": 5403.64, "duration_min": 24.67 } }, "n_metro_15min_bike": 0, "n_metro_30min_bike": 4 }, "geometry": { "type": "Point", "coordinates": [ -8.68893002180765, 41.372022548263807 ] } },
{ "type": "Feature", "properties": { "point_id": 8049, "best_station_bike": 5746, "t_bike_min": 7.0, "distance_m": 1238.08, "by_mode": { "BICYCLE": { "distance_m": 1238.08, "duration_min": 7.0 } }, "n_metro_15min_bike": 4, "n_metro_30min_bike": 6 }, "geometry": { "type": "Point", "coordinates": [ -8.765743955218445, 41.378526711248888 ] } },
{ "type": "Feature", "properties": { "point_id": 8050, "best_station_bike": 5746, "t_bike_min": 2.12, "distance_m": 326.34, "by_mode": { "BICYCLE": { "distance_m": 326.34, "duration_min": 2.12 } }, "n_metro_15min_bike": 4, "n_metro_30min_bike": 7 }, "geometry": { "type": "Point", "coordinates": [ -8.7562766699339, 41.378430538349647 ] } },
{ "type": "Feature", "properties": { "point_id": 8051, "best_station_bike": 5746, "t_bike_min": 5.77, "distance_m": 1426.06, "by_mode": { "BICYCLE": { "distance_m": 1426.06, "duration_min": 5.77 } }, "n_metro_15min_bike": 6, "n_metro_30min_bike": 8 }, "geometry": { "type": "Point", "coordinates": [ -8.74592456882826, 41.378486134055009 ] } },
{ "type": "Feature", "properties": { "point_id": 8052, "best_station_bike": 5745, "t_bike_min": 7.2, "distance_m": 1721.16, "by_mode": { "BICYCLE": { "distance_m": 1721.16, "duration_min": 7.2 } }, "n_metro_15min_bike": 6, "n_metro_30min_bike": 7 }, "geometry": { "type": "Point", "coordinates": [ -8.735572438932065, 41.37854079855947 ] } },
{ "type": "Feature", "properties": { "point_id": 8053, "best_station_bike": 5745, "t_bike_min": 14.28, "distance_m": 3291.04, "by_mode": { "BICYCLE": { "distance_m": 3291.04, "duration_min": 14.28 } }, "n_metro_15min_bike": 1, "n_metro_30min_bike": 6 }, "geometry": { "type": "Point", "coordinates": [ -8.725220280731524, 41.378594531855711 ] } },
{ "type": "Feature", "properties": { "point_id": 8054, "best_station_bike": 5752, "t_bike_min": 18.28, "distance_m": 3754.36, "by_mode": { "BICYCLE": { "distance_m": 3754.36, "duration_min": 18.28 } }, "n_metro_15min_bike": 0, "n_metro_30min_bike": 6 }, "geometry": { "type": "Point", "coordinates": [ -8.714868094712861, 41.378647333936485 ] } },
{ "type": "Feature", "properties": { "point_id": 8055, "best_station_bike": 5752, "t_bike_min": 20.68, "distance_m": 4193.52, "by_mode": { "BICYCLE": { "distance_m": 4193.52, "duration_min": 20.68 } }, "n_metro_15min_bike": 0, "n_metro_30min_bike": 6 }, "geometry": { "type": "Point", "coordinates": [ -8.704515881362301, 41.378699204794721 ] } },
{ "type": "Feature", "properties": { "point_id": 8057, "best_station_bike": 5752, "t_bike_min": 28.65, "distance_m": 6195.1, "by_mode": { "BICYCLE": { "distance_m": 6195.1, "duration_min": 28.65 } }, "n_metro_15min_bike": 0, "n_metro_30min_bike": 1 }, "geometry": { "type": "Point", "coordinates": [ -8.68381137461046, 41.378800152815856 ] } },
{ "type": "Feature", "properties": { "point_id": 8082, "best_station_bike": 5746, "t_bike_min": 11.98, "distance_m": 1813.13, "by_mode": { "BICYCLE": { "distance_m": 1813.13, "duration_min": 11.98 } }, "n_metro_15min_bike": 2, "n_metro_30min_bike": 6 }, "geometry": { "type": "Point", "coordinates": [ -8.77055420562596, 41.385709091238269 ] } },
{ "type": "Feature", "properties": { "point_id": 8083, "best_station_bike": 5746, "t_bike_min": 9.0, "distance_m": 1333.68, "by_mode": { "BICYCLE": { "distance_m": 1333.68, "duration_min": 9.0 } }, "n_metro_15min_bike": 2, "n_metro_30min_bike": 6 }, "geometry": { "type": "Point", "coordinates": [ -8.761517714283666, 41.385155012021457 ] } },
{ "type": "Feature", "properties": { "point_id": 8084, "best_station_bike": 5746, "t_bike_min": 6.9, "distance_m": 1161.61, "by_mode": { "BICYCLE": { "distance_m": 1161.61, "duration_min": 6.9 } }, "n_metro_15min_bike": 4, "n_metro_30min_bike": 6 }, "geometry": { "type": "Point", "coordinates": [ -8.751164556958317, 41.385211086558378 ] } },
{ "type": "Feature", "properties": { "point_id": 8085, "best_station_bike": 5746, "t_bike_min": 12.27, "distance_m": 2502.75, "by_mode": { "BICYCLE": { "distance_m": 2502.75, "duration_min": 12.27 } }, "n_metro_15min_bike": 3, "n_metro_30min_bike": 6 }, "geometry": { "type": "Point", "coordinates": [ -8.740811370587952, 41.385266229678336 ] } },
{ "type": "Feature", "properties": { "point_id": 8086, "best_station_bike": 5745, "t_bike_min": 10.97, "distance_m": 2598.92, "by_mode": { "BICYCLE": { "distance_m": 2598.92, "duration_min": 10.97 } }, "n_metro_15min_bike": 4, "n_metro_30min_bike": 6 }, "geometry": { "type": "Point", "coordinates": [ -8.730458155658976, 41.385320441373928 ] } },
{ "type": "Feature", "properties": { "point_id": 8087, "best_station_bike": 5745, "t_bike_min": 12.92, "distance_m": 3122.31, "by_mode": { "BICYCLE": { "distance_m": 3122.31, "duration_min": 12.92 } }, "n_metro_15min_bike": 2, "n_metro_30min_bike": 6 }, "geometry": { "type": "Point", "coordinates": [ -8.72010491265779, 41.385373721637841 ] } },
{ "type": "Feature", "properties": { "point_id": 8088, "best_station_bike": 5745, "t_bike_min": 18.6, "distance_m": 4063.99, "by_mode": { "BICYCLE": { "distance_m": 4063.99, "duration_min": 18.6 } }, "n_metro_15min_bike": 0, "n_metro_30min_bike": 6 }, "geometry": { "type": "Point", "coordinates": [ -8.709751642070815, 41.385426070462941 ] } },
{ "type": "Feature", "properties": { "point_id": 8109, "best_station_bike": 5746, "t_bike_min": 15.85, "distance_m": 2571.87, "by_mode": { "BICYCLE": { "distance_m": 2571.87, "duration_min": 15.85 } }, "n_metro_15min_bike": 0, "n_metro_30min_bike": 5 }, "geometry": { "type": "Point", "coordinates": [ -8.774777203831723, 41.392673584834867 ] } },
{ "type": "Feature", "properties": { "point_id": 8110, "best_station_bike": 5746, "t_bike_min": 11.28, "distance_m": 1884.01, "by_mode": { "BICYCLE": { "distance_m": 1884.01, "duration_min": 11.28 } }, "n_metro_15min_bike": 2, "n_metro_30min_bike": 6 }, "geometry": { "type": "Point", "coordinates": [ -8.766759844373098, 41.391879231460706 ] } },
{ "type": "Feature", "properties": { "point_id": 8111, "best_station_bike": 5746, "t_bike_min": 13.28, "distance_m": 2426.16, "by_mode": { "BICYCLE": { "distance_m": 2426.16, "duration_min": 13.28 } }, "n_metro_15min_bike": 1, "n_metro_30min_bike": 6 }, "geometry": { "type": "Point", "coordinates": [ -8.756405630596293, 41.39193578504986 ] } },
{ "type": "Feature", "properties": { "point_id": 8112, "best_station_bike": 5746, "t_bike_min": 10.92, "distance_m": 2175.59, "by_mode": { "BICYCLE": { "distance_m": 2175.59, "duration_min": 10.92 } }, "n_metro_15min_bike": 3, "n_metro_30min_bike": 6 }, "geometry": { "type": "Point", "coordinates": [ -8.746051387519826, 41.391991407005953 ] } },
{ "type": "Feature", "properties": { "point_id": 8113, "best_station_bike": 5746, "t_bike_min": 13.13, "distance_m": 2782.89, "by_mode": { "BICYCLE": { "distance_m": 2782.89, "duration_min": 13.13 } }, "n_metro_15min_bike": 1, "n_metro_30min_bike": 6 }, "geometry": { "type": "Point", "coordinates": [ -8.735697115630279, 41.392046097321497 ] } },
{ "type": "Feature", "properties": { "point_id": 8114, "best_station_bike": 5745, "t_bike_min": 15.6, "distance_m": 3618.91, "by_mode": { "BICYCLE": { "distance_m": 3618.91, "duration_min": 15.6 } }, "n_metro_15min_bike": 0, "n_metro_30min_bike": 6 }, "geometry": { "type": "Point", "coordinates": [ -8.725342815414248, 41.392099855989166 ] } },
{ "type": "Feature", "properties": { "point_id": 8115, "best_station_bike": 5745, "t_bike_min": 20.68, "distance_m": 4688.32, "by_mode": { "BICYCLE": { "distance_m": 4688.32, "duration_min": 20.68 } }, "n_metro_15min_bike": 0, "n_metro_30min_bike": 6 }, "geometry": { "type": "Point", "coordinates": [ -8.71498848735833, 41.392152683001726 ] } },
{ "type": "Feature", "properties": { "point_id": 8116, "best_station_bike": 5745, "t_bike_min": 23.25, "distance_m": 4987.28, "by_mode": { "BICYCLE": { "distance_m": 4987.28, "duration_min": 23.25 } }, "n_metro_15min_bike": 0, "n_metro_30min_bike": 5 }, "geometry": { "type": "Point", "coordinates": [ -8.704634131949136, 41.392204578352086 ] } },
{ "type": "Feature", "properties": { "point_id": 8117, "best_station_bike": 5745, "t_bike_min": 29.67, "distance_m": 5803.65, "by_mode": { "BICYCLE": { "distance_m": 5803.65, "duration_min": 29.67 } }, "n_metro_15min_bike": 0, "n_metro_30min_bike": 1 }, "geometry": { "type": "Point", "coordinates": [ -8.694279749673285, 41.392255542033283 ] } },
{ "type": "Feature", "properties": { "point_id": 8138, "best_station_bike": 5746, "t_bike_min": 24.0, "distance_m": 3632.57, "by_mode": { "BICYCLE": { "distance_m": 3632.57, "duration_min": 24.0 } }, "n_metro_15min_bike": 0, "n_metro_30min_bike": 2 }, "geometry": { "type": "Point", "coordinates": [ -8.778634702499856, 41.397997989753797 ] } },
{ "type": "Feature", "properties": { "point_id": 8139, "best_station_bike": 5746, "t_bike_min": 16.72, "distance_m": 3093.35, "by_mode": { "BICYCLE": { "distance_m": 3093.35, "duration_min": 16.72 } }, "n_metro_15min_bike": 0, "n_metro_30min_bike": 5 }, "geometry": { "type": "Point", "coordinates": [ -8.772003060688672, 41.39860319649911 ] } },
{ "type": "Feature", "properties": { "point_id": 8140, "best_station_bike": 5746, "t_bike_min": 16.47, "distance_m": 3059.36, "by_mode": { "BICYCLE": { "distance_m": 3059.36, "duration_min": 16.47 } }, "n_metro_15min_bike": 0, "n_metro_30min_bike": 6 }, "geometry": { "type": "Point", "coordinates": [ -8.761647790228677, 41.398660229361177 ] } },
{ "type": "Feature", "properties": { "point_id": 8141, "best_station_bike": 5746, "t_bike_min": 24.1, "distance_m": 3775.44, "by_mode": { "BICYCLE": { "distance_m": 3775.44, "duration_min": 24.1 } }, "n_metro_15min_bike": 0, "n_metro_30min_bike": 4 }, "geometry": { "type": "Point", "coordinates": [ -8.751292490214174, 41.398716330374072 ] } },
{ "type": "Feature", "properties": { "point_id": 8142, "best_station_bike": 5746, "t_bike_min": 15.98, "distance_m": 3264.61, "by_mode": { "BICYCLE": { "distance_m": 3264.61, "duration_min": 15.98 } }, "n_metro_15min_bike": 0, "n_metro_30min_bike": 6 }, "geometry": { "type": "Point", "coordinates": [ -8.740937161131935, 41.398771499530262 ] } },
{ "type": "Feature", "properties": { "point_id": 8143, "best_station_bike": 5746, "t_bike_min": 19.6, "distance_m": 4348.34, "by_mode": { "BICYCLE": { "distance_m": 4348.34, "duration_min": 19.6 } }, "n_metro_15min_bike": 0, "n_metro_30min_bike": 6 }, "geometry": { "type": "Point", "coordinates": [ -8.730581803468736, 41.398825736822339 ] } },
{ "type": "Feature", "properties": { "point_id": 8144, "best_station_bike": 5746, "t_bike_min": 18.4, "distance_m": 4245.67, "by_mode": { "BICYCLE": { "distance_m": 4245.67, "duration_min": 18.4 } }, "n_metro_15min_bike": 0, "n_metro_30min_bike": 6 }, "geometry": { "type": "Point", "coordinates": [ -8.720226417711366, 41.39887904224301 ] } },
{ "type": "Feature", "properties": { "point_id": 8145, "best_station_bike": 5746, "t_bike_min": 23.62, "distance_m": 5215.5, "by_mode": { "BICYCLE": { "distance_m": 5215.5, "duration_min": 23.62 } }, "n_metro_15min_bike": 0, "n_metro_30min_bike": 5 }, "geometry": { "type": "Point", "coordinates": [ -8.709871004346621, 41.398931415785121 ] } },
{ "type": "Feature", "properties": { "point_id": 8165, "best_station_bike": 5746, "t_bike_min": 24.73, "distance_m": 4840.77, "by_mode": { "BICYCLE": { "distance_m": 4840.77, "duration_min": 24.73 } }, "n_metro_15min_bike": 0, "n_metro_30min_bike": 2 }, "geometry": { "type": "Point", "coordinates": [ -8.783463710773766, 41.407592519351674 ] } },
{ "type": "Feature", "properties": { "point_id": 8166, "best_station_bike": 5746, "t_bike_min": 21.92, "distance_m": 4235.77, "by_mode": { "BICYCLE": { "distance_m": 4235.77, "duration_min": 21.92 } }, "n_metro_15min_bike": 0, "n_metro_30min_bike": 3 }, "geometry": { "type": "Point", "coordinates": [ -8.776651945092915, 41.405530346037416 ] } },
{ "type": "Feature", "properties": { "point_id": 8167, "best_station_bike": 5746, "t_bike_min": 17.27, "distance_m": 3388.89, "by_mode": { "BICYCLE": { "distance_m": 3388.89, "duration_min": 17.27 } }, "n_metro_15min_bike": 0, "n_metro_30min_bike": 5 }, "geometry": { "type": "Point", "coordinates": [ -8.766891036342141, 41.405384419324029 ] } },
{ "type": "Feature", "properties": { "point_id": 8168, "best_station_bike": 5746, "t_bike_min": 22.85, "distance_m": 4724.18, "by_mode": { "BICYCLE": { "distance_m": 4724.18, "duration_min": 22.85 } }, "n_metro_15min_bike": 0, "n_metro_30min_bike": 4 }, "geometry": { "type": "Point", "coordinates": [ -8.756534679157683, 41.405440999614477 ] } },
{ "type": "Feature", "properties": { "point_id": 8169, "best_station_bike": 5746, "t_bike_min": 18.68, "distance_m": 3934.42, "by_mode": { "BICYCLE": { "distance_m": 3934.42, "duration_min": 18.68 } }, "n_metro_15min_bike": 0, "n_metro_30min_bike": 6 }, "geometry": { "type": "Point", "coordinates": [ -8.746178292650635, 41.405496647832024 ] } },
{ "type": "Feature", "properties": { "point_id": 8170, "best_station_bike": 5746, "t_bike_min": 20.9, "distance_m": 4333.46, "by_mode": { "BICYCLE": { "distance_m": 4333.46, "duration_min": 20.9 } }, "n_metro_15min_bike": 0, "n_metro_30min_bike": 6 }, "geometry": { "type": "Point", "coordinates": [ -8.735821877307959, 41.405551363969224 ] } },
{ "type": "Feature", "properties": { "point_id": 8171, "best_station_bike": 5746, "t_bike_min": 24.02, "distance_m": 5290.94, "by_mode": { "BICYCLE": { "distance_m": 5290.94, "duration_min": 24.02 } }, "n_metro_15min_bike": 0, "n_metro_30min_bike": 4 }, "geometry": { "type": "Point", "coordinates": [ -8.725465433616632, 41.405605148018715 ] } },
{ "type": "Feature", "properties": { "point_id": 8172, "best_station_bike": 5746, "t_bike_min": 24.42, "distance_m": 5446.05, "by_mode": { "BICYCLE": { "distance_m": 5446.05, "duration_min": 24.42 } }, "n_metro_15min_bike": 0, "n_metro_30min_bike": 4 }, "geometry": { "type": "Point", "coordinates": [ -8.715108962063633, 41.405657999973265 ] } },
{ "type": "Feature", "properties": { "point_id": 8189, "best_station_bike": 5746, "t_bike_min": 29.93, "distance_m": 5783.71, "by_mode": { "BICYCLE": { "distance_m": 5783.71, "duration_min": 29.93 } }, "n_metro_15min_bike": 0, "n_metro_30min_bike": 1 }, "geometry": { "type": "Point", "coordinates": [ -8.787566951100549, 41.41231001487877 ] } },
{ "type": "Feature", "properties": { "point_id": 8190, "best_station_bike": 5746, "t_bike_min": 26.82, "distance_m": 5351.95, "by_mode": { "BICYCLE": { "distance_m": 5351.95, "duration_min": 26.82 } }, "n_metro_15min_bike": 0, "n_metro_30min_bike": 2 }, "geometry": { "type": "Point", "coordinates": [ -8.782037436042337, 41.412356065278907 ] } },
{ "type": "Feature", "properties": { "point_id": 8191, "best_station_bike": 5746, "t_bike_min": 22.22, "distance_m": 4356.48, "by_mode": { "BICYCLE": { "distance_m": 4356.48, "duration_min": 22.22 } }, "n_metro_15min_bike": 0, "n_metro_30min_bike": 3 }, "geometry": { "type": "Point", "coordinates": [ -8.772135369423545, 41.412108354770041 ] } },
{ "type": "Feature", "properties": { "point_id": 8192, "best_station_bike": 5746, "t_bike_min": 22.28, "distance_m": 4537.22, "by_mode": { "BICYCLE": { "distance_m": 4537.22, "duration_min": 22.28 } }, "n_metro_15min_bike": 0, "n_metro_30min_bike": 4 }, "geometry": { "type": "Point", "coordinates": [ -8.761777954837219, 41.412165414558807 ] } },
{ "type": "Feature", "properties": { "point_id": 8193, "best_station_bike": 5746, "t_bike_min": 25.12, "distance_m": 5363.96, "by_mode": { "BICYCLE": { "distance_m": 5363.96, "duration_min": 25.12 } }, "n_metro_15min_bike": 0, "n_metro_30min_bike": 3 }, "geometry": { "type": "Point", "coordinates": [ -8.751420510673254, 41.412221542058518 ] } },
{ "type": "Feature", "properties": { "point_id": 8194, "best_station_bike": 5746, "t_bike_min": 24.67, "distance_m": 5036.72, "by_mode": { "BICYCLE": { "distance_m": 5036.72, "duration_min": 24.67 } }, "n_metro_15min_bike": 0, "n_metro_30min_bike": 4 }, "geometry": { "type": "Point", "coordinates": [ -8.741063037418801, 41.412276737261593 ] } },
{ "type": "Feature", "properties": { "point_id": 8195, "best_station_bike": 5746, "t_bike_min": 23.4, "distance_m": 5330.37, "by_mode": { "BICYCLE": { "distance_m": 5330.37, "duration_min": 23.4 } }, "n_metro_15min_bike": 0, "n_metro_30min_bike": 4 }, "geometry": { "type": "Point", "coordinates": [ -8.73070553556102, 41.412331000160641 ] } },
{ "type": "Feature", "properties": { "point_id": 8196, "best_station_bike": 5746, "t_bike_min": 25.67, "distance_m": 6351.8, "by_mode": { "BICYCLE": { "distance_m": 6351.8, "duration_min": 25.67 } }, "n_metro_15min_bike": 0, "n_metro_30min_bike": 3 }, "geometry": { "type": "Point", "coordinates": [ -8.720348005587077, 41.412384330748367 ] } },
{ "type": "Feature", "properties": { "point_id": 8212, "best_station_bike": 5746, "t_bike_min": 27.38, "distance_m": 5653.13, "by_mode": { "BICYCLE": { "distance_m": 5653.13, "duration_min": 27.38 } }, "n_metro_15min_bike": 0, "n_metro_30min_bike": 2 }, "geometry": { "type": "Point", "coordinates": [ -8.777380789959931, 41.418832035530798 ] } },
{ "type": "Feature", "properties": { "point_id": 8213, "best_station_bike": 5746, "t_bike_min": 23.32, "distance_m": 4889.02, "by_mode": { "BICYCLE": { "distance_m": 4889.02, "duration_min": 23.32 } }, "n_metro_15min_bike": 0, "n_metro_30min_bike": 2 }, "geometry": { "type": "Point", "coordinates": [ -8.767022317739835, 41.418889575038726 ] } },
{ "type": "Feature", "properties": { "point_id": 8214, "best_station_bike": 5746, "t_bike_min": 26.7, "distance_m": 5806.92, "by_mode": { "BICYCLE": { "distance_m": 5806.92, "duration_min": 26.7 } }, "n_metro_15min_bike": 0, "n_metro_30min_bike": 3 }, "geometry": { "type": "Point", "coordinates": [ -8.756663815686856, 41.418946182041395 ] } },
{ "type": "Feature", "properties": { "point_id": 8215, "best_station_bike": 5746, "t_bike_min": 27.93, "distance_m": 6093.55, "by_mode": { "BICYCLE": { "distance_m": 6093.55, "duration_min": 27.93 } }, "n_metro_15min_bike": 0, "n_metro_30min_bike": 1 }, "geometry": { "type": "Point", "coordinates": [ -8.746305284288333, 41.419001856531168 ] } },
{ "type": "Feature", "properties": { "point_id": 8216, "best_station_bike": 5746, "t_bike_min": 24.82, "distance_m": 5661.72, "by_mode": { "BICYCLE": { "distance_m": 5661.72, "duration_min": 24.82 } }, "n_metro_15min_bike": 0, "n_metro_30min_bike": 3 }, "geometry": { "type": "Point", "coordinates": [ -8.735946724031608, 41.419056598500589 ] } },
{ "type": "Feature", "properties": { "point_id": 8217, "best_station_bike": 5746, "t_bike_min": 28.42, "distance_m": 6659.23, "by_mode": { "BICYCLE": { "distance_m": 6659.23, "duration_min": 28.42 } }, "n_metro_15min_bike": 0, "n_metro_30min_bike": 1 }, "geometry": { "type": "Point", "coordinates": [ -8.72558813540404, 41.419110407942284 ] } },
{ "type": "Feature", "properties": { "point_id": 8218, "best_station_bike": 5746, "t_bike_min": 29.72, "distance_m": 7006.7, "by_mode": { "BICYCLE": { "distance_m": 7006.7, "duration_min": 29.72 } }, "n_metro_15min_bike": 0, "n_metro_30min_bike": 1 }, "geometry": { "type": "Point", "coordinates": [ -8.71522951889299, 41.419163284849027 ] } },
{ "type": "Feature", "properties": { "point_id": 8229, "best_station_bike": 5746, "t_bike_min": 26.85, "distance_m": 5765.96, "by_mode": { "BICYCLE": { "distance_m": 5765.96, "duration_min": 26.85 } }, "n_metro_15min_bike": 0, "n_metro_30min_bike": 2 }, "geometry": { "type": "Point", "coordinates": [ -8.761908208178689, 41.425670567612265 ] } },
{ "type": "Feature", "properties": { "point_id": 8230, "best_station_bike": 5746, "t_bike_min": 29.88, "distance_m": 6544.2, "by_mode": { "BICYCLE": { "distance_m": 6544.2, "duration_min": 29.88 } }, "n_metro_15min_bike": 0, "n_metro_30min_bike": 1 }, "geometry": { "type": "Point", "coordinates": [ -8.751548618403808, 41.425726721609614 ] } },
{ "type": "Feature", "properties": { "point_id": 8231, "best_station_bike": 5746, "t_bike_min": 28.83, "distance_m": 6466.61, "by_mode": { "BICYCLE": { "distance_m": 6466.61, "duration_min": 28.83 } }, "n_metro_15min_bike": 0, "n_metro_30min_bike": 1 }, "geometry": { "type": "Point", "coordinates": [ -8.741188999515662, 41.425781942870259 ] } },
{ "type": "Feature", "properties": { "point_id": 8232, "best_station_bike": 5746, "t_bike_min": 28.48, "distance_m": 6460.3, "by_mode": { "BICYCLE": { "distance_m": 6460.3, "duration_min": 28.48 } }, "n_metro_15min_bike": 0, "n_metro_30min_bike": 1 }, "geometry": { "type": "Point", "coordinates": [ -8.730829352001793, 41.425836231386775 ] } }
]
}
